Sequence,NGG 1,NGG 2,Target 1,Target 2,Distance between targets
GAAATCTCAAATACCCCGAA,GGG,GGG,-2749166,2889642,1338807
GGGCCTGGGGACATTCCCTG,GGG,GGG,-2737776,2876658,1314433
GTTTGTGCTTCAGAAGGTTT,GGG,GGG,-1382432,1508821,1408748
GCCCCAGCAGCCCTCCGTCA,GGG,GGG,-2775441,2901799,1377239
GCCCCGAGGCTCTGGGTCGG,GGG,GGG,-1394225,1520485,1385291
GCACATTCTCTAGCCACCAT,GGG,GGG,-1413094,1553594,1333313
GTTGGCGGCAGTAGAGGGCG,TGG,TGG,-1432421,1571148,1296432
GAGCCCCCAAACATGGGAAA,TGG,TGG,-2742368,2881163,1323530
GGGAAGCGTAGCCGGGCGGC,AGG,CGG,-1432036,1570763,1297202
GAGAGAGGAAGCCCTGCTGA,GGG,GGG,-1389123,1515398,1395480
GCCCCACCCTCCACAGGCCC,TGG,TGG,-2742538,2881333,1323870
GAGGGGAGCTGGAGCCAACC,AGG,AGG,-1391547,1517823,1390631
GAAATACCAGTTCTGACCTG,GGG,GGG,-1391918,1518194,1389889
GGCTTGGCTGGGGGAATCAG,GGG,GGG,-1432532,1571260,1296209
GGCTGAGCTGAAGGGGTGTG,GGG,GGG,-1383950,1510340,1405711
GGGTTGGCCTGGTGGGGAGG,AGG,AGG,-2777324,2903448,1380771
GCCTGCTCACTGTGGCAGCC,AGG,AGG,-1420333,1559147,1320521
GGCTTGCCTTGAGGTAGCAC,TGG,TGG,-1393169,1519444,1387388
GCGCCAAGAAACCAGGCCTG,AGG,AGG,-2781725,2908001,1389725
GCCCTCCCTGGAGTCCACGC,CGG,CGG,-2777950,2904074,1382023
GCTCTCCCTTCCCCAGCATG,GGG,GGG,-1418132,1556927,1324942
GCCTAGTGAGTCCCACCAGG,TGG,TGG,-1384018,1510409,1405574
GGGGCCAAGAGGAGAGAGCC,CGG,CGG,-1389011,1515284,1395706
GGTGCACAGACCAAGGCTCC,CGG,CGG,-2726287,2865019,1291305
GGCAGGAGAGGCCTGGAGGG,CGG,CGG,-2745187,2885688,1330874
GGTGAGCTCCAGATGTCACC,AGG,AGG,-1421414,1560229,1318358
GCAGCCGGTGCAACACCAGG,AGG,AGG,-1434858,1573590,1291553
GGGAGGGAAGCAGGGGCATC,AGG,AGG,-2745143,2885644,1330786
GTTCACACCAGGAAGCCCAG,AGG,AGG,-1411982,1552482,1335537
GTGGTGCCCACAGGAGAGCT,GGG,GGG,-2789678,2916068,1405745
GGCGGCCAGGGAGGACACAG,TGG,TGG,-1395742,1521866,1382393
GACACTGAGGGGTGCAGAGA,GGG,GGG,-2725958,2864690,1290647
GTTGCTGGCAGGACAAGTGC,AGG,AGG,-2747778,2888283,1336060
GCTGCAGTCTGAGGGCTTCA,GGG,GGG,-2790115,2916525,1406639
GTTCTCACACCTTACTCCAC,CGG,CGG,-1385555,1511918,1402528
GCTGCCCAGTGTGACCAGAA,AGG,AGG,-1385285,1511648,1403068
GAAGTGAGCTCCCATGCCGG,GGG,GGG,-1433903,1572635,1293463
GCTGGGGCAGGAAAGGCTGG,AGG,AGG,-2787742,2914105,1401846
GGAGATGCTGGCAGGAGGGC,TGG,TGG,-2777374,2903498,1380871
GCGGGTGAGCCCTTGTGGGA,GGG,GGG,-1413602,1554102,1332297
GAGTCCACGCCGGCAGGTGA,AGG,AGG,-2777960,2904084,1382043
GGCCAAGCCCAGATGCCAGG,TGG,TGG,-2785260,2911533,1396792
GTCCCAGCCTAGGCTTATGA,GGG,GGG,-2730797,2869553,1300349
GATGCACGCCCACGCCCTGC,AGG,AGG,-1396449,1522573,1380979
GAACCACTTACCCATGGGAG,GGG,GGG,-1388867,1515140,1395994
GGTTTGGTGCAGGCTGATAA,AGG,CGG,-2751405,2892571,1343975
GCTGCCTTTCTGGTCACACT,GGG,GGG,-2788327,2914690,1403016
GGCCCCCTGCCCCATAGCCA,GGG,GGG,-2741753,2880548,1322300
GGGAGGCTGAGGCCTGGAAC,AGG,AGG,-2746201,2886701,1332901
GGCTCCAGGACGTGGCCCTG,CGG,CGG,-1419956,1558770,1321275
GGTTTGTTCCGTTTCCCAGA,TGG,TGG,-2734368,2873245,1307612
GAACTGACTGGTGTAGACTC,CGG,CGG,-1429127,1567876,1302998
GCTCTGGGGGCTGAGAGAGC,AGG,AGG,-2739780,2878595,1318374
GCCACAGACATATCATCACG,TGG,TGG,-1378470,1503775,1417756
GGCTCAGAAGAGAATCTGAC,AGG,AGG,-2725801,2864533,1290333
GAATTCTGACCCCAGACCCT,GGG,GGG,-2742413,2881208,1323620
GCTCCAGCTGTCCTGTCTGG,GGG,GGG,-1393521,1519783,1386697
GTGGGGTTGGAGCCCTAGTC,TGG,TGG,-1412972,1553472,1333557
GTGCAGCCTGATGTTCTGGG,AGG,AGG,-1376937,1502491,1420573
GCTCCATAACACAGGGAAGC,AGG,AGG,-2790886,2917274,1408159
GAAGCCACAGCGGATGCCTT,GGG,GGG,-1427132,1566009,1306860
GGAGGGCCCAGGGCCTGTGG,AGG,AGG,-1418639,1557434,1323928
GGAGAAACAATTATCTCGCT,GGG,GGG,-2751669,2892828,1344496
GGATTCTTGGGGCCACTGCC,AGG,AGG,-1427712,1566466,1305823
GCATTCGTGGAAGCCCCTTG,GGG,GGG,-1384318,1510717,1404966
GATGCAGCGGAAGTTCAATG,TGG,TGG,-2780487,2906762,1387248
GTAAGGTTGCACAGTGAGCA,GGG,GGG,-2745651,2886151,1331801
GCGCTGGGTGCCCAGGCCCA,CGG,CGG,-1406298,1537825,1355878
GTGGGAGAGCTGCGCACCTG,TGG,TGG,-1392023,1518299,1389679
GATACAGAGGGGCCCCATGA,AGG,AGG,-2788466,2914829,1403294
GGCCCCCTTCCCCAGAAGGC,AGG,AGG,-1381716,1508103,1410182
GAGCACTTGCTCCCAATCCA,AGG,AGG,-2792299,2918693,1410991
GAGGGACTCTGAACAGAGAG,GGG,GGG,-2777353,2903477,1380829
GCAGGGGCTGCTCTAGCCCC,TGG,TGG,-2723786,2862551,1286336
GGTGAGGGACGGCGATGTGG,AGG,AGG,-2764989,2901035,1366023
GCAGGCATGCCTGCTGCTGG,TGG,TGG,-2791122,2917511,1408632
GGACTGGGGGACTGAGGGCA,GGG,GGG,-1378536,1503841,1417624
GTGGTACACACGGGCCGTCA,GGG,GGG,-2782426,2908704,1391129
GGCCAGAGCCCACAGGACCT,GGG,GGG,-2794063,2920418,1414480
GTGTGGTTGGGGGAGAAGGC,AGG,AGG,-1413650,1554150,1332201
GTTGTGAAGTGGCCAGGCCA,TGG,TGG,-1420829,1559644,1319528
GGAGCCTGATGCAGGTCACT,GGG,GGG,-1386075,1512438,1401488
GTCAAATACACACGGGATTT,AGG,AGG,-1387685,1514100,1398216
GACCATTCTGGGGCATGGGA,TGG,TGG,-2731418,2870173,1301590
GGGTCAGGCCCAGCCAGGCC,TGG,TGG,-2744399,2884786,1329184
GGGGTGTCCAGCACCCTGGG,TGG,TGG,-1386254,1512617,1401130
GCCCACTCAGAGTGCAGGGA,AGG,AGG,-1428217,1566972,1304812
GGGCTTCTGTGCAGGGGGCG,GGG,GGG,-1431358,1570104,1298539
GACGGGAGAAAGTGCATGCA,GGG,GGG,-1421168,1559983,1318850
GGCCCTTGCTGAGTCATTGC,GGG,GGG,-2793961,2920316,1414276
GGGGAGATAAAAAGTATGAG,TGG,TGG,-2740974,2879788,1320761
GCCGTGGGGACCCATCCCGC,AGG,AGG,-1394064,1520324,1385613
GAGGGAAGAGGCTGAGACTC,TGG,TGG,-2723399,2862164,1285562
GTCGAGATGAACGCACTGAT,AGG,AGG,-2746704,2887204,1333907
GATGGACACTGCCTGCCTTC,TGG,TGG,-2791865,2918252,1410116
GTGCACAGCGGCCCCACTCC,AGG,AGG,-2746801,2887301,1334101
GTCATAGATGTGTCGGTGAT,GGG,GGG,-2784379,2910654,1395032
GTCGTGAGAAATGCAACATT,TGG,TGG,-1412920,1553420,1333661
GAGTCCCACCGCCTGCTGAC,GGG,GGG,-1383743,1510133,1406125
GACATTGAGAGGCTTGGCTG,GGG,GGG,-1432522,1571250,1296229
GTCCAGAGGACTGCAGCACA,CGG,CGG,-1413541,1554041,1332419
GGCAGCCTGGGTGGGCACCT,GGG,GGG,-2728560,2867289,1295848
GGGGTCACTCTGGCCTTCAT,GGG,GGG,-1385137,1511500,1403364
GAGGAGCTTCTCTGCCCTGT,GGG,GGG,-2786089,2912504,1398592
GGACACAGCTCCGGGCGGCC,AGG,AGG,-1395729,1521853,1382419
GGCTACCCTGAGCCAGCTGA,TGG,TGG,-1406459,1537998,1355544
GTCACAGAGGTGGGGGCCTT,GGG,GGG,-1386544,1512907,1400550
GGGAAGGCAAGTGCTGGGAA,GGG,GGG,-2746416,2886916,1333331
GGCTCAGGGTCTTCTCTCAG,TGG,TGG,-2733814,2872691,1306504
GCCTTAGACCCAGGTCCTGT,GGG,GGG,-1379553,1505908,1414540
GATGTGGTCCTCATGCCCTG,GGG,GGG,-2787668,2914031,1401698
GCCTGCGAGGTGGACTGTCC,CGG,CGG,-2794010,2920365,1414374
GCGGGGCGCATACCTGGCCC,AGG,AGG,-2781584,2907860,1389443
GGAGGCCAGGCCCACAGACA,GGG,GGG,-1433020,1571749,1295232
GGGGCTGGTGTTAGCTGGGT,TGG,TGG,-2744548,2884983,1329530
GGGCACAGGGAAGCCCGAAC,AGG,AGG,-2793028,2919390,1412417
GGTCCTTGTGGAGTCAGGGT,TGG,TGG,-1386232,1512595,1401174
GTCACTGTCACCTCCCCCGG,AGG,AGG,-2796063,2921368,1417430
GGCTGCCATCCCTGTGGGTG,AGG,AGG,-1424424,1563326,1312251
GAGCTGTCCCGCTCGGGCAG,AGG,AGG,-2780298,2906560,1386857
GGACATGGGGGTCACAGAGG,TGG,TGG,-1386534,1512897,1400570
GGGTGCTGGGATGTCAGAAC,AGG,AGG,-2748633,2889110,1337742
GGTGGCCCTGGTCCTGGCCG,TGG,TGG,-1420772,1559587,1319642
GGTGGGCATCCCGGTGCACC,AGG,AGG,-1391127,1517405,1391469
GAACCAGCCAAGAGTGTCTA,AGG,AGG,-2780878,2907153,1388030
GAAAATAAAAGGCAGATGCA,TGG,TGG,-2736408,2875310,1311717
GCTGGTGGCCTGTGAAGGTT,GGG,GGG,-1423547,1562432,1314022
GACCCTGGACAGTCACACGA,TGG,TGG,-2736052,2874954,1311005
GCTGGGTCCTTGTGGAGTCA,GGG,GGG,-1386228,1512591,1401182
GAGAATTGGGGTGGGAGTTG,GGG,GGG,-2738361,2877175,1315535
GCCTCTGTGGGCAGTCCTGG,AGG,AGG,-2734923,2873821,1308743
GCCCACAGAGGGCGAGGGCA,GGG,GGG,-2786004,2912419,1398422
GGACAGGGGGCCCTGGGCCT,TGG,TGG,-2742225,2881020,1323244
GGGCCATGGTAGCAGAGACC,TGG,TGG,-2746134,2886634,1332767
GCACCCCTGGCCTCAACAGG,AGG,AGG,-2764621,2900665,1365285
GGGGTCTTCAGACAACTGCC,AGG,AGG,-2730285,2869032,1299316
GGTCTTCACCTATGGGCAGG,AGG,AGG,-2747566,2888066,1335631
GCTGGGTCTCTGGGGAGGCC,AGG,AGG,-1418998,1557793,1323210
GGCCTTATTGCCTGCAAGGG,AGG,AGG,-2735004,2873902,1308905
GGCTCCAGCTGTCCTGTCTG,GGG,GGG,-1393520,1519782,1386699
GTGCTCACAGAATGATGGGG,CGG,CGG,-2791328,2917717,1409044
GTGGGGTGGGAGGATGGAGG,AGG,AGG,-1383632,1510022,1406347
GGTGGGTGGCAGGAGAGGCC,TGG,TGG,-2745180,2885681,1330860
GTGTCTCAGGAGAGGTTCCG,GGG,GGG,-2745790,2886290,1332079
GCAGGCTCCCAGGGACCCTC,TGG,TGG,-1419286,1558081,1322634
GACCCGCTGCCCCTGACGGA,GGG,GGG,-1398170,1524528,1377303
GAGGCGGACACAGCTCCGGG,CGG,CGG,-1395724,1521848,1382429
GGAGGGGCTCAGGCCAGGGT,GGG,GGG,-1437003,1575733,1287265
GTCTCTCTGCTTCATATCAG,TGG,TGG,-1430735,1569491,1299775
GACACAGGGTGGCATGGGGA,GGG,GGG,-2781164,2907439,1388602
GAGGCAGGTGGGACCTCCCC,CGG,CGG,-1413672,1554172,1332157
GCGTGCTTTGGTAGACAGCG,TGG,TGG,-1410816,1551293,1337892
GCTTTCTGGACACGTGGCCC,TGG,TGG,-2732192,2870941,1303132
GCCTTCCCAGCTGCCCGCAG,GGG,GGG,-1385379,1511742,1402880
GGCCACAAGGGATCCAGTCC,AGG,AGG,-1427488,1566365,1306148
GGGTGGGGCTGGTGTTAGCT,GGG,GGG,-2744544,2884979,1329522
GCACAGGATGGGGGCGTGGC,AGG,AGG,-1412889,1553389,1333723
GAGGGCAGGGGGAGAAGCGA,GGG,GGG,-1406220,1537747,1356034
GAGTACACACTTCGGAGTGC,AGG,AGG,-2779921,2906191,1386111
GACCTGGTGGGTGCCAGCTG,AGG,AGG,-2725384,2864116,1289499
GGCAGAGCTGAAGCCTGCAG,GGG,GGG,-1388929,1515202,1395870
GCTAGCGGGCGTCCGCGCCA,TGG,TGG,-1379994,1506356,1413651
GGTGCACACACGGACTCTGA,GGG,GGG,-1432849,1571578,1295574
GAACGGATGGCTCAGCAGAG,CGG,CGG,-2735492,2874394,1309885
GGAACCCCCTGCGGGCAGCT,GGG,GGG,-2788232,2914595,1402826
GGGTAGCTGTACTCACAGAG,TGG,TGG,-2779051,2905311,1384361
GGGCTCTTTATAGAATTATC,TGG,TGG,-2777902,2904026,1381927
GGTAGGAACTGGGCTAGGCA,GGG,GGG,-2746172,2886672,1332843
GCGGCCACCAAGGGTGCCCA,GGG,GGG,-2727804,2866536,1294339
GGGTCCCTGGGCTGTGCCCA,AGG,AGG,-2733954,2872831,1306784
GGGCCCAGGCCAGCACGGAG,GGG,GGG,-2787420,2913783,1401202
GCCTCTTCTGCGGGGCAGCA,GGG,GGG,-1436121,1574854,1289026
GGCGGACGGTGCCCGGCAGC,AGG,AGG,-1380045,1506407,1413549
GCCAGCACAGACCCCATAGA,GGG,GGG,-2777882,2904006,1381887
GCCTAGGAGGTCAGAGGTTG,GGG,GGG,-2749596,2890103,1339698
GGAGGGTGGCTTCAGTGGGC,AGG,AGG,-2783261,2909538,1392798
GGCTGCTGGGGCCAGCAAAG,GGG,GGG,-2779620,2905880,1385499
GGAGGGAGAGTCGGGGAGCC,AGG,AGG,-2741690,2880485,1322174
GAGCACACTGGAGAAGGCGG,GGG,GGG,-1384611,1510974,1404416
GACCCTGCTTTGACCAGGTT,AGG,AGG,-2795652,2920957,1416608
GGAGGTGGAGAAGAAAGGCA,GGG,GGG,-1436223,1574956,1288822
GCTCGGGCTTCCTGGTGCAC,CGG,CGG,-2782564,2908842,1391405
GGGGCTCCAGCTGTCCTGTC,TGG,TGG,-1393518,1519780,1386703
GGCCTCTTCTGCGGGGCAGC,AGG,AGG,-1436120,1574853,1289028
GGATGCCTTGGGCACAGCCC,AGG,AGG,-1427143,1566020,1306838
GGAGGTCTGGGGAGCTTAGG,TGG,TGG,-2733215,2871970,1305184
GTGCCCAGCCTTGCTCTTGT,AGG,AGG,-2734288,2873165,1307452
GCAGGCCTGGACTGAGCCTG,GGG,GGG,-2779939,2906209,1386147
GGGGCAGAGGCCTGAGCAAG,GGG,GGG,-2776422,2902954,1379375
GTTCCCTGAGCCCCCAAACA,TGG,TGG,-2742361,2881156,1323516
GAGCTCAGTGCCCATGTCAG,TGG,TGG,-1393746,1520016,1386239
GAGGAAGTGAGCTCCCATGC,CGG,CGG,-1433900,1572632,1293469
GGGACACTGGTGAAACAGGC,AGG,AGG,-1378556,1503861,1417584
GAGCCCTTTGCCCTCACACA,GGG,GGG,-2787226,2913589,1400814
GTGGCAAGGGCCCTGGGCTG,GGG,GGG,-1433659,1572391,1293951
GTGGCTTTCTGAGAGGCGCA,GGG,GGG,-1393315,1519590,1387096
GCTGGAGGCAAGGTGGGCGT,GGG,GGG,-1418205,1557000,1324796
GGGAGCCAGGCTCAGGGTAT,GGG,AGG,-1384745,1511108,1404148
GGGGTTTCCTCTATGGGGCA,GGG,GGG,-2739713,2878528,1318240
GCCTGCCTGGTTCCCTGGGC,CGG,TGG,-1409805,1550312,1339884
GGCTAGGAAGGCACCAGGTC,AGG,AGG,-2765288,2901267,1366554
GGCGGGTGCGAGGTGAGGGC,AGG,AGG,-2764711,2900755,1365465
GAGGACACAGTGGGCAAGGC,TGG,TGG,-1395752,1521876,1382373
GCCACCTGGTGGGACTCACT,AGG,AGG,-2789569,2915960,1405528
GGGGACTCACCCCTTCCTCT,AGG,GGG,-1427365,1566241,1306395
GGCTTGGAGACCCCACAGGA,GGG,GGG,-2780587,2906862,1387448
GTTGACACTGGCTCATAGTG,TGG,TGG,-1414584,1555094,1330323
GTGGCTGGGCAGGTGTCAGG,AGG,AGG,-2745222,2885723,1330944
GTGGACCAGGCTCCAGTCTC,GGG,GGG,-2731226,2869981,1301206
GGCCTCTGCTGCAACAGAGG,TGG,TGG,-2787835,2914198,1402032
GCTCTTGCCTCCTATGATCC,TGG,TGG,-1423133,1562015,1314853
GCACACTGTCCAGCCACCTT,GGG,GGG,-1412267,1552767,1334967
GAGGGGCTGGGCGCTCGTCT,GGG,GGG,-1417805,1556602,1325594
GAGTTCATCTTCTTGACCTT,TGG,TGG,-1385351,1511714,1402936
GTTTCCTGTGTCCGCCACCT,CGG,CGG,-2731623,2870376,1301998
GTCCCTGTTACTGACATGCA,GGG,GGG,-2749460,2889967,1339426
GCTGGGGAAGGGAGAGCTCC,AGG,AGG,-2743058,2881853,1324910
GCAGAACCGTGACCTGGATT,TGG,TGG,-1433992,1572724,1293285
GCAGTGGTCCCTCCACCCAC,TGG,TGG,-2724425,2863155,1287579
GGAATGTTCTGGAGCTGAGT,TGG,TGG,-1417358,1556155,1326488
GCCCACAGGGCAAGGGGGCC,GGG,AGG,-1421852,1560667,1317482
GCAATAAGGCCTGCGGACAC,AGG,AGG,-1426089,1564987,1308925
GCGTGCAGGGAGCTGAGGCT,GGG,GGG,-2747545,2888045,1335589
GATTAAATGCTTTAAAGGAT,AGG,AGG,-1435512,1574244,1290245
GCGGGGCTCTGCCTGGTGCA,GGG,GGG,-2739692,2878507,1318198
GGCTCTGGAGGAAGTGGGTG,GGG,GGG,-1437360,1576125,1286516
GGCCAGGATGGTGTCTAGGA,GGG,GGG,-2745114,2885615,1330728
GTGGGTGCTAGGGTCGGGTG,GGG,GGG,-1395207,1521465,1383329
GACCAGGGCTGGGGCAGGAA,AGG,AGG,-2787735,2914098,1401832
GAGCAGCAGGGGGCACGGAA,GGG,GGG,-2795536,2920853,1416388
GGAGGGAGAGGGGTGAGGCC,TGG,TGG,-2745240,2885741,1330980
GGGGCAAGAATGCTGCAGGA,GGG,GGG,-2776308,2902840,1379147
GCCTAGCCCAAGGTCAGCAC,TGG,TGG,-2744815,2885325,1330139
GTGAGCTCCCATGCCGGGGG,TGG,TGG,-1433906,1572638,1293457
GGGAGAGACAGCACTGTGGC,TGG,TGG,-2747603,2888103,1335705
GGCTCCCAGGAGGCCGGCCA,TGG,TGG,-2735267,2874169,1309435
GCGTGGGCGTGCATCAGCAG,CGG,CGG,-2777414,2903538,1380951
GCCAGTGGTCAGGGATTATC,GGG,GGG,-1434100,1572832,1293069
GGTGGGCTCTCCCGTGGGCC,TGG,TGG,-2762143,2893670,1355812
GCCACAGGCAGCAGAAGTCT,GGG,GGG,-1385326,1511689,1402986
GTGAGGAACAGGGGGAGGGC,AGG,AGG,-2726842,2865574,1292415
GGAGGGAGGCTGCAGTCTGA,GGG,GGG,-2790107,2916517,1406623
GATACCTGGATATAGTAAGC,TGG,TGG,-2785545,2911965,1397509
GCTGACCTTGGCGCTCCCCA,TGG,TGG,-1399162,1535206,1365633
GGCTCTGATCCTTCACCTGC,CGG,CGG,-1395886,1522010,1382105
GTTGCCCACTCCAGAGGCCC,TGG,TGG,-2742727,2881522,1324248
GTGAGCTCCAGATGTCACCA,GGG,GGG,-1421415,1560230,1318356
GGTGCTGCAATAGGAGGAGG,AGG,AGG,-2765066,2901112,1366177
GTGGGGTTGGGGTGGGTCAA,AGG,AGG,-1422715,1561529,1315757
GCACTGAGTGGAGTCAGGTG,AGG,AGG,-1410436,1550912,1338653
GAGGCCCCGCAGGCCATAGC,GGG,AGG,-2725143,2863876,1289018
GATGCTGTCTTGCGCATTGC,AGG,AGG,-1381188,1507582,1411231
GGCTGGGGGCTGGAGAGCAT,GGG,GGG,-1385986,1512349,1401666
GGGACACGGTTCAGCCTCCT,TGG,TGG,-2732717,2871472,1304188
GCAGCCCCAAGGGATGGGCA,AGG,AGG,-2743877,2882674,1326550
GTTGGCGGGGGCAGAGGGGT,GGG,GGG,-2748780,2889257,1338036
GGCTTCTGTGCAGGGGGCGG,GGG,GGG,-1431359,1570105,1298537
GATGTATAAAATGAGTTAGC,GGG,GGG,-2747284,2887784,1335067
GGCCATGGTAGCAGAGACCT,GGG,GGG,-2746135,2886635,1332769
GAATGGGAGCTACTTGGTGG,GGG,GGG,-1413724,1554224,1332053
GAGGCAGACGCTAATGCCTC,AGG,AGG,-2732544,2871299,1303842
GTGGGCACAAAGGGCCGGGC,CGG,CGG,-2741612,2880407,1322018
GGACTGAGTTTGCAGGGCCT,GGG,GGG,-2737762,2876644,1314405
GCCAGCACAGGAGACAAGGG,CGG,CGG,-2795474,2920791,1416264
GGACCCTTGGGAGGGAAGCA,GGG,GGG,-2745135,2885636,1330770
GTTCCCACAGGACACTGACC,AGG,AGG,-2787572,2913935,1401506
GTAGCCAGGGGTCTTCCTCC,TGG,TGG,-2779772,2906032,1385803
GGATGTGATGGCACTGCCTG,AGG,AGG,-2740198,2879013,1319210
GAAAGTGCTCACAGAATGAT,GGG,GGG,-2791324,2917713,1409036
GGAGGGCATGGTCCCAGACT,AGG,AGG,-2746494,2886994,1333487
GGGTGCAGCTGGGTGGGCCA,TGG,TGG,-2746120,2886620,1332739
GCCCAGTGAGGCAAGGCTGC,TGG,TGG,-2779606,2905866,1385471
GTCCAGGGTCACATTGTCAT,AGG,AGG,-1392189,1518465,1389347
GGGGGACCCCTGCAGGGTTA,CGG,TGG,-1431202,1569948,1298851
GGGTGCTGGGGACAGCCGTG,TGG,TGG,-1420917,1559732,1319352
GCATACTGCATGCTCCTGCC,TGG,TGG,-1392514,1518790,1388697
GCTCAGGGTCTTCTCTCAGT,GGG,GGG,-2733815,2872692,1306506
GACACATCCTGGTGCTGCTC,GGG,GGG,-2784231,2910506,1394736
GCACAGCGGCCCCACTCCAG,GGG,GGG,-2746803,2887303,1334105
GAGACTCATCTGCCTGTGGG,AGG,AGG,-2779320,2905580,1384899
GGCCACAGAGCGGCAGCCAG,AGG,AGG,-1430485,1569241,1300275
GGGCCAGGATGGTGTCTAGG,AGG,AGG,-2745113,2885614,1330726
GCCCTGGACTGGATCCCTTG,TGG,TGG,-2733612,2872489,1306100
GGCCTGGAACTGGGCTCACA,TGG,TGG,-2782978,2909255,1392232
GCAGGGGAGCCAATCCTGCC,AGG,AGG,-1378863,1504171,1416967
GGAGGGGGGACATGTAACTG,GGG,GGG,-2723681,2862446,1286126
GGCTGAGTGGGCACAGGCCA,GGG,GGG,-1436279,1575012,1288710
GCAGCCCGAGGGACATTGAG,AGG,AGG,-1432511,1571239,1296251
GCCACAGCTTGGCTCCCTCC,TGG,TGG,-2735514,2874416,1309929
GAAGTAACTGTGGTGTGTGG,TGG,TGG,-2740625,2879440,1320064
GGAGACAACGGCTCAGGTTG,GGG,GGG,-1390563,1516840,1392598
GTCCGCTGCCTGCTGCCTGC,TGG,TGG,-2735470,2874372,1309841
GCAGCCTGCCCTGGGCCCCC,GGG,GGG,-1436418,1575151,1288432
GTGGGACAGGGCTGCCTTTC,TGG,TGG,-2788317,2914680,1402996
GCCTTGTCCCACTGTAGCTG,TGG,TGG,-1422617,1561431,1315953
GGAGGAACCACAAAGTCCTG,TGG,TGG,-1417733,1556530,1325738
GCCTCTGCTTGTGTCACCTT,TGG,TGG,-2785207,2911480,1396686
GACCCATTTAGGGTGTGGTT,GGG,GGG,-1413638,1554138,1332225
GGCTCTCGGGTTCATGTCCT,GGG,GGG,-2785375,2911648,1397022
GGCCTGTGGAGGGTGGGGCT,GGG,GGG,-1418650,1557445,1323906
GGGCTGAGCTGAAGGGGTGT,GGG,GGG,-1383949,1510339,1405713
GAGCAGGCATCAGGAGCGCT,TGG,TGG,-1423761,1562646,1313594
GGCCTGCGGGGCCTCTTCTG,CGG,CGG,-1436111,1574844,1289046
GCCTTGGAGGAGGTGGCGGA,CGG,CGG,-1380031,1506393,1413577
GTTCCTCACCTGGGGGTCTG,TGG,TGG,-1434419,1573151,1292431
GGCCTGAGCTCCAGGATCAT,AGG,AGG,-2737954,2876836,1314789
GGCAACACTGTCGCCAGCTC,CGG,CGG,-2796233,2921538,1417770
GACATCCCAGGTAGAGGAAC,TGG,TGG,-2764963,2901009,1365971
GCCTGACGCTGGAGATGCAG,CGG,CGG,-2780474,2906749,1387222
GAGTCCAAGGTGGCACGGTT,GGG,GGG,-1409834,1550341,1339826
GGGGGCTGAGAGAGCAGGCG,GGG,GGG,-2739785,2878600,1318384
GACTGAGTTTGCAGGGCCTG,GGG,GGG,-2737763,2876645,1314407
GAGGAAGGGGTGAGTCCCCA,GGG,GGG,-2733742,2872618,1306359
GGAGGCTGAGGCCTGGAACA,GGG,GGG,-2746202,2886702,1332903
GGCTGCCCAGCCTTGGGGAA,TGG,TGG,-2724048,2862812,1286859
GGGGTGTCGGGTACATCTAG,TGG,TGG,-1392771,1519046,1388184
GGCAGAGGGGTGGGGTGTGT,AGG,AGG,-2748789,2889266,1338054
GTCAGCTCCCGAGCAGCACC,AGG,AGG,-1389466,1515741,1394794
GGATGTCCTCACTTGCCCAT,GGG,GGG,-1425412,1564314,1310275
GGGCCCAGGTGCAGTCACCA,GGG,GGG,-1392286,1518562,1389153
GACACTGACCAGGCTGCGGC,AGG,AGG,-2787582,2913945,1401526
GGCTCCAACCCCACGGACCT,AGG,AGG,-2746516,2887016,1333531
GCGCCCCGGCCCCGGGAGGG,CGG,CGG,-1432097,1570824,1297080
GTCTCCTGACTTTCAGTGCA,CGG,TGG,-1381375,1507769,1410857
GCAGCCAGCACCCTCTGGGG,AGG,AGG,-1430290,1569046,1300665
GACCGGACAGATTGCTGGCA,GGG,GGG,-1423079,1561961,1314961
GCTGACTGGGCTGAGCTGAA,GGG,GGG,-1383942,1510332,1405727
GGAAGCCAGCACAGGAGACA,AGG,AGG,-2795470,2920787,1416256
GCTCAAGTGGGAAGCTCTTC,TGG,GGG,-2792751,2919140,1411890
GGCCTTCCTGCATCAGCACC,CGG,CGG,-1378336,1503632,1418033
GGAGGGGCTGCCAAGGCCCA,CGG,CGG,-1405912,1537518,1356571
GCATGCACTTTCTCCCGTCT,GGG,GGG,-2740000,2878815,1318814
GGGCCGGGGCGGGGGTAGCC,GGG,GGG,-1419658,1558453,1321890
GAAGGGCTGCACCTCCAAGA,AGG,AGG,-2786141,2912555,1398695
GGTGCCAGGCAGTGAGCCCA,CGG,CGG,-2788527,2914890,1403416
GGATTCCTCCTCTGTGATGA,AGG,AGG,-1422538,1561352,1316111
GCCCAAGCCAGTGGCTGGGC,AGG,AGG,-2745212,2885713,1330924
GCCAGTGCCTAGGAGGTCAG,AGG,AGG,-2749590,2890097,1339686
GGTCTGGCTGTTGGAGGGCA,GGG,GGG,-2736723,2875625,1312347
GAGAAGGATGGGCCCCTTCC,TGG,TGG,-2789391,2915790,1405180
GTGAGGGACTGGGGCTGAGC,AGG,AGG,-1423632,1562517,1313852
GCTGGCCCTTGGTGGTCCCA,GGG,GGG,-1437411,1576176,1286414
GGAAGGAAGCCAGGGAGAGG,TGG,TGG,-1420615,1559430,1319956
GTTGCTTGGAAAGAAGTGTC,AGG,AGG,-2776287,2902819,1379105
GCCCCTTGGGGCCCCCTTCA,GGG,GGG,-1384330,1510729,1404942
GTTGGGGGTGTCCAGCACCC,TGG,TGG,-1386250,1512613,1401138
GGGGTTGACAGGGCTCAGCT,GGG,GGG,-2779006,2905266,1384271
GGGCTTTAAACCTATGAGAT,AGG,AGG,-1429857,1568612,1301532
GGAGGGGCGTGAAGCCACAG,CGG,CGG,-1427122,1565999,1306880
GAGGTGGCTCCCAGCAGATA,GGG,GGG,-1412621,1553121,1334259
GTTTCCCAAAACAGGTTCCT,GGG,GGG,-2724551,2863284,1287834
GGCTGGGGGGCAGAGCCCCA,AGG,AGG,-1426338,1565246,1308417
GTCTGGCAGGGAGCCGGGCA,TGG,TGG,-2744579,2885014,1329592
GTGACAGTGGGGTGGGAGGA,TGG,TGG,-1383626,1510016,1406359
GGGCCGGGATGAAAGGGGCC,TGG,TGG,-1385115,1511478,1403408
GCAGCCGCCTTCCGAGGACT,CGG,CGG,-2785926,2912341,1398266
GTCATACCACAGAACCCTGG,AGG,AGG,-2786038,2912453,1398490
GCCCCAGCATGTGCCACCCG,TGG,TGG,-2728302,2867031,1295332
GACGGAGCATGGGCAAATGG,AGG,AGG,-2741829,2880624,1322452
GAGAGGGCTGGTCAGGGCTG,AGG,AGG,-1421758,1560573,1317670
GGGCAGCCTGGGTGGGCACC,TGG,TGG,-2728559,2867288,1295846
GGGACCCTGTGGGCAGAGCC,TGG,TGG,-2732069,2870818,1302886
GACCCCACACCCTATCTCAT,AGG,AGG,-2731357,2870112,1301468
GGCCCGGACAGGCAGCACAG,CGG,CGG,-2751752,2892911,1344662
GTGGTGGGCTCCCCTACCTC,CGG,CGG,-1433569,1572301,1294131
GGGCTTGAGGAAGGGATGGC,AGG,AGG,-2786060,2912475,1398534
GGCCACAGCCAGGCCTGCAG,AGG,AGG,-2780782,2907057,1387838
GCGTTGCCGAAGTCCACGGC,GGG,GGG,-1400069,1536115,1363817
GCCTCTGCTGCAACAGAGGT,GGG,GGG,-2787836,2914199,1402034
GGTGCAGGGGGTTTCCTCTA,TGG,TGG,-2739706,2878521,1318226
GGGGCAGTTGGAGGACAGCC,CGG,CGG,-2746778,2887278,1334055
GGTCTCTCCTTGCATTGGCC,TGG,TGG,-1428306,1567062,1304633
GGCCCCTTGGAGACAGCCTT,GGG,GGG,-2740511,2879326,1319836
GAGGCCTACGGTGACCAGGA,AGG,AGG,-2723972,2862737,1286708
GGCTGCAGCTGCCAAGGGAG,CGG,CGG,-2787987,2914350,1402336
GTCCTCCATCAGTGTCTGTG,GGG,GGG,-2747410,2887910,1335319
GGATTTGGGGTGAGCTGCAC,CGG,GGG,-1420030,1558844,1321127
GCTACCTGCAGGGGAGCCTC,AGG,AGG,-1382827,1509215,1407959
GGACATGTAACTGGGGACTG,TGG,TGG,-2723688,2862453,1286140
GGCTCCCGGTGAGAGGTTCC,GGG,GGG,-2726301,2865033,1291333
GCCCTCCTGTCTCCTTGGCC,GGG,GGG,-1399000,1535046,1365955
GCAGGCAGGGAGGGGCTGAG,CGG,CGG,-1393145,1519420,1387436
GAGAAATGCAACATTTGGGT,AGG,AGG,-1412925,1553425,1333651
GTGCACTGACAGCACTTGTA,GGG,GGG,-1417563,1556360,1326078
GAGCTGAACTGGACAGATGG,AGG,AGG,-2764842,2900886,1365727
GCTGGGCACACAGCCCAGGA,AGG,AGG,-2787798,2914161,1401958
GCCCTCTATGGGGTCTGTGC,TGG,TGG,-1395972,1522096,1381933
GAGCCGCAGTCACATGGCAG,AGG,AGG,-2785309,2911582,1396890
GACACGTGGCCCTGGGGATC,AGG,AGG,-2732200,2870949,1303148
GTTGGCTGCAGCTGTGGTGA,TGG,TGG,-1386740,1513103,1400158
GCCACAAATGTCAGCATGGC,TGG,TGG,-2792440,2918834,1411273
GCTGAATGCTCAGTGAATGG,TGG,TGG,-2747363,2887863,1335225
GTGGAGGCCTCCTGAGGGAC,TGG,TGG,-1389944,1516214,1393843
GAGGCCCTGGCTATGGGGCA,GGG,GGG,-1419427,1558222,1322352
GCCCTTCCTCCATCCCAGCA,TGG,TGG,-1419986,1558800,1321215
GGGGCATGGCAAGCTCTGGG,GGG,GGG,-1417532,1556329,1326140
GCAACATCAGGGCTCTTCCC,AGG,AGG,-1382891,1509279,1407831
GTGCCAGCTGAGGACATGGT,GGG,GGG,-2725394,2864126,1289519
GGGGCCCGTGCTCGCCCACC,AGG,AGG,-1410457,1550933,1338611
GTGGTGGCCAGGGGAGCAGG,AGG,AGG,-2727546,2866278,1293823
GCTCCCATTCCCAGCCCTTA,GGG,GGG,-2745768,2886268,1332035
GTCACCCTCTGTGGTACACA,CGG,CGG,-2782416,2908694,1391109
GCACCCACCAATTCTCACTC,TGG,TGG,-1419755,1558550,1321696
GATGACAGAGGGGCTCAGAG,AGG,AGG,-2745616,2886116,1331731
GGCCACGTGTCCAGAAAGCC,TGG,TGG,-1429042,1567791,1303168
GGGGAAGCTGGAACATGGGC,AGG,AGG,-2746269,2886769,1333037
GAGGAGGGTGCCTGTGACCT,TGG,TGG,-2725907,2864639,1290545
GGCAGCAGGGCAGCGGGGCA,TGG,TGG,-1436134,1574867,1289000
GGCCCTGCACACATGCACCT,TGG,TGG,-1425478,1564380,1310143
GACCTGTTGAGCCACCTCAG,GGG,GGG,-1430249,1569005,1300747
GCCCACTCCTGGGTGCTAGC,TGG,TGG,-2731684,2870437,1302120
GCCTGCCACTGGGATCAGAT,GGG,GGG,-1430575,1569331,1300095
GCTTGCACAGCATGTGGACG,AGG,AGG,-2732525,2871280,1303804
GGGGCTGGGGCCCTGGAAGG,TGG,TGG,-1434608,1573340,1292053
GGGCCGAGTGGCCTTGGGAG,AGG,AGG,-2745672,2886172,1331843
GGGGCTGGGAGCTGCAAATG,AGG,GGG,-1383253,1509662,1407086
GCAGTGGTCGGAGGTGGTTT,TGG,TGG,-2777262,2903386,1380647
GACCCTGGGAAGAGTTTGCA,AGG,AGG,-2764527,2900571,1365097
GGCTGGAGACCCAGCCCTGC,AGG,AGG,-2777391,2903515,1380905
GACAGCCAGCTAAGAATGCC,AGG,AGG,-2724780,2863513,1288292
GCCGGGGATCCAGGCAAGCA,AGG,AGG,-2724180,2862910,1287089
GGCGTGCATCAGCAGCGGGG,TGG,TGG,-2777419,2903543,1380961
GACATGGGGGTCACAGAGGT,GGG,GGG,-1386535,1512898,1400568
GGTTGGAGGGAAGGAAGCCA,GGG,GGG,-1420607,1559422,1319972
GTGAGAGCCAGGCAGAAGCT,GGG,GGG,-2779190,2905450,1384639
GGCTCCCAGGAGGAGGTGAG,GGG,GGG,-2724216,2862946,1287161
GACCTGGAGGCCAGGGTGCC,CGG,CGG,-1378724,1504029,1417248
GGTAGATGGCTGGGCCTGCA,GGG,GGG,-1414053,1554553,1331395
GAAGACACAAGATGGAAGCC,AGG,AGG,-2785404,2911677,1397080
GGGCTGGAAGCCGGGATTTG,GGG,GGG,-1420017,1558831,1321153
GGAACTGGCAAGGTGAGGGA,CGG,CGG,-2764978,2901024,1366001
GAGTGGGGCCGCTGTGCACC,CGG,CGG,-1412682,1553182,1334137
GGGCCAGGGCCAAAAGTCAC,AGG,AGG,-1392221,1518497,1389283
GGGTCCGGGCCAGGGAGGGG,TGG,TGG,-2740472,2879287,1319758
GTGGGATCCTTCCACTGAAA,AGG,AGG,-2740223,2879038,1319260
GGTGAATCTGTGTGAGGATG,GGG,GGG,-1386718,1513081,1400202
GCTCCGCCCTCCCGGGGCCG,GGG,GGG,-2729152,2867879,1297030
GTGCAGAGGCAGAGTTGAGC,AGG,AGG,-2731748,2870501,1302248
GTCTAGTGGGGGTGAGGAGG,GGG,GGG,-2736793,2875695,1312487
GGCCAGCACAGACCCCATAG,AGG,AGG,-2777881,2904005,1381885
GCACAGGGACAACCAGAGAC,TGG,CGG,-1384219,1510618,1405164
GAGGGCTGCTGGGGCCAGCA,TGG,TGG,-1398188,1524546,1377267
GCTGCAGGTTCTGCCATAAC,CGG,CGG,-1385742,1512105,1402154
GCTCTGGAGGAAGTGGGTGG,GGG,GGG,-1437361,1576126,1286514
GAAAGGAAATGGGGGCTGGG,AGG,AGG,-1418621,1557416,1323964
GAGGGCCAGACTTGGGCATG,TGG,TGG,-1406942,1548101,1344958
GAGACGGAGACTCAGCCCCC,AGG,AGG,-1414624,1555134,1330243
GTCTTTGCTCCACACATTCT,GGG,GGG,-2732889,2871645,1304533
GCCAGTGCTGACCTTGGGCT,AGG,AGG,-1414653,1555163,1330185
GTTCATATAGAGAGTTTGTC,TGG,TGG,-2796476,2921772,1418247
GTCTCTTTGCCTCCAGGGTG,TGG,TGG,-1433190,1571921,1294890
GACAGATGGAGGGCTCTGGG,AGG,AGG,-2764853,2900897,1365749
GGCCCCTGTTGCCTGTCTGC,TGG,TGG,-2738568,2877382,1315949
GCACCGTTTCAAGAAAGCCA,TGG,TGG,-2748735,2889212,1337946
GGCCAGGCCCTGCGCAGACC,TGG,TGG,-2787339,2913702,1401040
GAGCGCCAAGCACCTGAGAC,AGG,AGG,-2739917,2878732,1318648
GACGAGCGCCCAGCCCCTCC,TGG,TGG,-2743381,2882178,1325558
GATGAGAGCCCGTCAGCAGG,CGG,CGG,-2789838,2916228,1406065
GGGCTTGGAGACCCCACAGG,AGG,AGG,-2780586,2906861,1387446
GGCTGGGGCCCTGGAAGGTG,GGG,GGG,-1434610,1573342,1292049
GATGATGGCTGTTCTGTCAA,GGG,GGG,-1421561,1560376,1318064
GGTGGGGTCAACCTTGGCCT,TGG,TGG,-1381269,1507663,1411069
GCCTGTGGAGGGTGGGGCTG,GGG,GGG,-1418651,1557446,1323904
GAAAGTGCATGCAGGGCCAC,TGG,CGG,-1421175,1559990,1318836
GAGGCCTAGGGTGAGGGACT,GGG,GGG,-1423622,1562507,1313872
GAAGGATTGAGGCTCTGGAA,AGG,AGG,-1384777,1511141,1404083
GCTCTCACCCAGACACTCCC,AGG,AGG,-1396193,1522317,1381491
GAGGGAAGCCTTGAAGTGCC,AGG,AGG,-2741559,2880354,1321912
GGGCCAGCAAAGGGGTGAGC,GGG,GGG,-2779628,2905888,1385515
GGGCAGGGAGATCTCGAGGT,GGG,GGG,-2738482,2877296,1315777
GCGAGGGGCTCCCAGGAGGC,CGG,CGG,-2735261,2874163,1309423
GGATGGTGAGAGGCTTCTGG,AGG,AGG,-1427933,1566688,1305380
GCAGGAGGCGGACACAGCTC,CGG,CGG,-1395720,1521844,1382437
GGTCCTCATGCCCTGGGGCT,TGG,TGG,-2787673,2914036,1401708
GGGGGATGGTGAGAGGCTTC,TGG,TGG,-1427930,1566685,1305386
GGCCTTGGCCTCAGCCCTGC,CGG,TGG,-2763507,2897355,1360861
GGAGAGGGTCAGGCCCAGCC,AGG,AGG,-2744394,2884781,1329174
GTGGAGGGTGAGAATTGGGG,TGG,TGG,-2738352,2877166,1315517
GAGGAAGCCCTGCTGAGGGC,GGG,AGG,-1389127,1515402,1395472
GCTGGGACCCATTTAGGGTG,TGG,TGG,-1413633,1554133,1332235
GTGCCTGGAGCGCCCCCAAC,TGG,TGG,-2791360,2917749,1409108
GCGCTGAACTGAAAACACGC,TGG,TGG,-1392717,1518992,1388292
GAGGCAGGCAGGCAGAGGTG,GGG,GGG,-2728192,2866921,1295112
GGTGGAGGTGGATTCCAGCT,GGG,GGG,-1437500,1576265,1286236
GCACGTGCCCCTCTGCCAGG,TGG,TGG,-2727291,2866023,1293313
GCTCTTCCCAGTCACCCCTG,TGG,TGG,-1426404,1565312,1308285
GGCCACCAGGCCTGTGCGTG,TGG,TGG,-1389287,1515562,1395152
GGCACTGACCTGTGGGTTGG,TGG,TGG,-2788964,2915327,1404290
GAGGACACGAGCATCAGCCA,TGG,TGG,-2777699,2903823,1381521
GCTGCAGCTTTGGCCCCACC,TGG,TGG,-1383517,1509927,1406557
GGGTGCCAGAGACACCCTCC,TGG,TGG,-1422510,1561324,1316167
GCTAATTGTCATAGATGTGT,CGG,CGG,-2784372,2910647,1395018
GGGTCCCAGTCTCCAGGCAG,GGG,GGG,-2787763,2914126,1401888
GGCTTTCTGAGAGGCGCAGG,GGG,GGG,-1393317,1519592,1387092
GCTCTCAGAGGCAGAGCCAC,TGG,TGG,-1426317,1565225,1308459
GACACCAGTGGGGTTGGGGT,GGG,GGG,-1422708,1561522,1315771
GGTGTCAGGTCGCTGGGGAT,GGG,GGG,-2736838,2875740,1312577
GCGCGCCACGAGCAGGTGCG,CGG,CGG,-2763972,2900018,1363989
GTCGGGGCATGGCAAGCTCT,GGG,GGG,-1417529,1556326,1326146
GAGGCCACATGGGCTGCTGG,GGG,GGG,-2735329,2874231,1309559
GCCCTTGCCACAGTGCTAGT,GGG,GGG,-2727600,2866332,1293931
GAAATGTCAGGCCAAGGCTG,AGG,AGG,-1436925,1575655,1287421
GGTGAGGACCTTCTTGGTGA,GGG,GGG,-1433541,1572273,1294187
GGAGGTGGCTCCCAGCAGAT,AGG,AGG,-1412620,1553120,1334261
GGGTGCGGGGTTTGTGTGGC,AGG,AGG,-2724457,2863187,1287643
GTGCCAGGCAGTGAGCCCAC,GGG,GGG,-2788528,2914891,1403418
GGACAGTGGCTCACTCCACC,TGG,TGG,-1388431,1514704,1396866
GAGTGGGCCGTGCCCCCAAG,GGG,GGG,-2780689,2906964,1387652
GCTCTCTCCTCTTGGCCCCA,AGG,AGG,-2784699,2910972,1395670
GCTGCACCCCTGGCCTCAAC,AGG,AGG,-2764618,2900662,1365279
GGGCCCTGGAAGGTGGGGGA,AGG,AGG,-1434615,1573347,1292039
GCGCAAGCTGGAAGGAGGAA,GGG,GGG,-2741651,2880446,1322096
GCGCTGATAGGGAGTTATGG,GGG,GGG,-2731726,2870479,1302204
GTAGACAGCGTGGTGGATAT,GGG,GGG,-1410826,1551303,1337872
GGTGGTGCTGCAATAGGAGG,AGG,AGG,-2765063,2901109,1366171
GGGCGGCATCTAAAGGTGCC,TGG,TGG,-2791345,2917734,1409078
GGGAGTGAAGGTACTATGGG,AGG,AGG,-2726867,2865599,1292465
GCTGACCTTGGGCTAGGCCA,GGG,GGG,-1414659,1555169,1330173
GGGATCCAGTCCAGGGCTGG,GGG,GGG,-1427496,1566373,1306132
GTGGTGGCGCTGGGACCTGG,GGG,GGG,-2779070,2905330,1384399
GTTTGAGGCTGGGCCCTTAG,TGG,TGG,-1394254,1520514,1385233
GTCCCTCCTAGACACCATCC,TGG,TGG,-1414362,1554863,1330776
GAGCCCTTCTGTTTGACGAT,TGG,TGG,-2779816,2906076,1385891
GGAGGGAAGCAGGGGCATCA,GGG,GGG,-2745144,2885645,1330788
GTCCATGCTGGGATGGAGGA,AGG,AGG,-2741177,2879991,1321167
GGAGGAAGAAGGAGCTGAAC,TGG,TGG,-2764831,2900875,1365705
GGCTGGAGCCCCTGGTCAAG,GGG,GGG,-2732007,2870756,1302762
GGGCAGTTGGAGGACAGCCC,GGG,GGG,-2746779,2887279,1334057
GTTCCCTAGGGGGGCTGCTT,AGG,AGG,-2736690,2875592,1312281
GATGTCTTAAGGTCAAGTTT,TGG,TGG,-2764899,2900945,1365843
GGCTCTTTATAGAATTATCT,GGG,GGG,-2777903,2904027,1381929
GTTGGGTGTGTGGGTCTGGC,AGG,AGG,-2744566,2885001,1329566
GGGCCGTGGGTCCCAGCACT,GGG,GGG,-1425211,1564113,1310677
GGGTTGAGGAAGACACAAGA,TGG,TGG,-2785396,2911669,1397064
GTCACCCTCACCAGAGTTCA,TGG,TGG,-2740647,2879462,1320108
GGGACTTGCTGTCAAACCCT,AGG,AGG,-1385458,1511821,1402722
GGGTGAGCGGGAGGCCCTGC,GGG,GGG,-2779640,2905900,1385539
GGCCACCATCACCTTGGCCT,TGG,TGG,-1390651,1516928,1392422
GTGTGGGGAGCTGTGTGTGC,AGG,AGG,-2723490,2862255,1285744
GGAACAGTTAATTTCTCAGG,GGG,GGG,-2792237,2918631,1410867
GGCTGCCCTGCCTGAGAGGG,TGG,TGG,-2777756,2903880,1381635
GCAGCAGCAGGTGGCCCACC,TGG,TGG,-2738742,2877556,1316297
GAGGTCGGGGGCTGCACCCC,TGG,TGG,-2764608,2900652,1365259
GGGCCTGTGGAGGGTGGGGC,TGG,TGG,-1418649,1557444,1323908
GCAAGGCCCCCTTCCCCAGA,AGG,AGG,-1381712,1508099,1410190
GTTGGTGCTGGCTGTGGCTT,GGG,GGG,-2779117,2905377,1384493
GTCCCTTCTGGAAGGGTGCT,GGG,GGG,-1420904,1559719,1319378
GCCATGCTGACATTTGTGGC,TGG,TGG,-1381148,1507542,1411311
GGGGCTCTTTCCTGGACCCT,GGG,GGG,-1392954,1519229,1387818
GAGGGCATGGTCCCAGACTA,GGG,GGG,-2746495,2886995,1333489
GCCCAAGTGACAGCAGGATG,GGG,GGG,-1392256,1518532,1389213
GGGCTGGGGGAAGCAGCCAT,GGG,GGG,-1418665,1557460,1323876
GGTGCAGGTGAGGAAGACTG,AGG,AGG,-2727174,2865906,1293079
GGGTGGGTGGTGTGGCAGTC,TGG,TGG,-1388810,1515083,1396108
GCCCCAGTGGGCGTGTGTCA,CGG,CGG,-1412459,1552959,1334583
GACTCCACAAGGACCCAGCA,GGG,GGG,-2787392,2913755,1401146
GAGGGGCGGCGGCCCCAGCC,AGG,AGG,-1417843,1556640,1325518
GCTGGAGGGTCCCAGTCTCC,AGG,AGG,-2787757,2914120,1401876
GGGGAGCAGTGGCCGGGCTG,GGG,GGG,-2787164,2913527,1400690
GCTTAACATGCACCAAAGTT,GGG,GGG,-1427824,1566579,1305598
GCCCCCGAGTCCTCGGAAGG,CGG,CGG,-1387634,1514049,1398318
GAAAGGCTGGTGAAATGAGC,TGG,TGG,-2783240,2909517,1392756
GCTCCCCTGGCCACCACCAG,AGG,AGG,-1433707,1572439,1293855
GTGACAGCATCCTGGGACCA,GGG,GGG,-2787720,2914083,1401802
GTGCCTAGGAGGTCAGAGGT,TGG,TGG,-2749594,2890101,1339694
GTCTGTGATCTGGGGCCGGT,GGG,GGG,-2785059,2911332,1396390
GCACAAACAGCATTGGGCCC,AGG,AGG,-2791173,2917562,1408734
GGCTGGGCAGCAGCTGCCTG,GGG,GGG,-1392307,1518583,1389111
GCACGTGCTGACACGTAGCC,AGG,AGG,-1393992,1520252,1385757
GTGCTCCCATCTGATCCCAG,TGG,TGG,-2730643,2869399,1300041
GGCCCAGCTGGCTCTCAGCA,TGG,TGG,-1419217,1558012,1322772
GTGGGCTGGGCACACAGCCC,AGG,AGG,-2787794,2914157,1401950
GGCAAGGCTGGCAGTGTGTG,AGG,AGG,-1395764,1521888,1382349
GTTTGGGGGCTCAGGGAACA,GGG,GGG,-1418827,1557622,1323552
GAGCCTGGGGCCCACTGACA,TGG,TGG,-2779952,2906222,1386173
GCTGTCACTTGGGCTTGCCC,AGG,AGG,-2781456,2907732,1389187
GGCGCTGCGGCAGAAGCACC,AGG,AGG,-1383792,1510182,1406027
GTGCTGGGAGTCAGCTCAGC,TGG,CGG,-2730328,2869075,1299402
GGGCCCCTTGGAGACAGCCT,TGG,TGG,-2740510,2879325,1319834
GGTGGTGCCCACAGGAGAGC,TGG,TGG,-2789677,2916067,1405743
GAAGGGCACTGAGTGGAGTC,AGG,AGG,-1410431,1550907,1338663
GTTGAGCAGGGCTAGGCAGC,CGG,CGG,-2731761,2870514,1302274
GAGGAGACAACGGCTCAGGT,TGG,TGG,-1390561,1516838,1392602
GGCTGACTCTTACCCTGCCA,AGG,AGG,-2739265,2878080,1317344
GCCGCTGCAGCTTGGCTGAC,TGG,TGG,-1433461,1572193,1294347
GGGACATTGAGAGGCTTGGC,TGG,TGG,-1432520,1571248,1296233
GGTAGTGTCGCTCCTGCTGC,CGG,CGG,-2793560,2919922,1413481
GGAAGGGCAGCCTCTCCGCA,GGG,GGG,-2741194,2880008,1321201
GAAACTAGAGCAGTAAAAGC,AGG,AGG,-1391668,1517944,1390389
GCCTGGCTGCCACAGTGAGC,AGG,AGG,-2740831,2879645,1320475
GGGGCCTCTGTGGGCAGTCC,TGG,TGG,-2734920,2873818,1308737
GAACCTTGCAAACTCTTCCC,AGG,AGG,-1399405,1535449,1365147
GGGCTCTGCCCCCCAGCCAG,TGG,TGG,-2734738,2873646,1308383
GGCCTGGGCAGTGGCCTCGC,TGG,TGG,-2784065,2910340,1394404
GCTGGTGAGGACAGGACGGG,CGG,TGG,-1434886,1573618,1291497
GGCGGGTGAGCCCTTGTGGG,AGG,AGG,-1413601,1554101,1332299
GGCTTAACATGCACCAAAGT,TGG,TGG,-1427823,1566578,1305600
GAGTCCCTGAGGCTGGGGCT,GGG,GGG,-2777839,2903963,1381801
GCTGGAGGTGGCGGTGCTGC,AGG,AGG,-2777163,2903285,1380447
GCAAACAGGCTGAGCCTGCA,GGG,GGG,-1391733,1518009,1390259
GCTTGGAGACCCCACAGGAG,GGG,GGG,-2780588,2906863,1387450
GTCGCTGGGGATGGGGTGGA,AGG,AGG,-2736846,2875748,1312593
GACCGCCTGCAGGTACAGCT,GGG,GGG,-2736815,2875717,1312531
GCCCACAGGACCTGGGTCTA,AGG,AGG,-2794070,2920425,1414494
GTGGGTGGGGAGTGGAAGGC,AGG,AGG,-2734202,2873079,1307280
GTTTGCATGGAGTGAGAAGC,AGG,AGG,-1434503,1573235,1292263
GTGGACTGCAGAGAGGCCTA,CGG,CGG,-2723960,2862725,1286684
GGCCGGCCCAGCTCTCCTGT,GGG,GGG,-1383905,1510295,1405801
GGACCCTCCTGGTGTTGCAC,CGG,CGG,-2726385,2865117,1291501
GGTCCCTGTAGGGCACAGTG,GGG,GGG,-1391105,1517383,1391513
GGCAGAAACGTAGGTTTGCA,TGG,TGG,-1434490,1573222,1292289
GAGAGCCCGTCAGCAGGCGG,TGG,TGG,-2789841,2916231,1406071
GGGCAGGGGCTGCCAGGGGC,AGG,AGG,-1406189,1537716,1356096
GAAGCACAACGCCAAGGCCA,AGG,AGG,-2783040,2909317,1392356
GTGTGCAGATGGCAGATGGA,GGG,GGG,-2739348,2878163,1317510
GGAGGGGCTGGGCGCTCGTC,TGG,TGG,-1417804,1556601,1325596
GGCTGCAGTCTGAGGGCTTC,AGG,AGG,-2790114,2916524,1406637
GGAGCTGGGGTCCCCTCCCA,TGG,TGG,-2784828,2911101,1395928
GACCCCCAGGTGAGGAACAG,GGG,GGG,-2726833,2865565,1292397
GGTGCCAGAGACACCCTCCT,GGG,GGG,-1422511,1561325,1316165
GCGGGTGCGAGGTGAGGGCA,GGG,GGG,-2764712,2900756,1365467
GTCCCTGGGGAGCCAGGCTC,AGG,AGG,-1384738,1511101,1404162
GGCCACAGGTGAGTGGAGAG,GGG,GGG,-1434325,1573057,1292619
GGTGAGAGGTTCCGGGCCAC,AGG,AGG,-2726308,2865040,1291347
GCCATGCCCACCTTGTGGCC,GGG,AGG,-2765190,2901234,1366423
GCTCGTGTCCTCTCAGCCTG,GGG,GGG,-1396167,1522291,1381543
GTTCTGCGTGCTGTGGCATA,CGG,CGG,-2744078,2882875,1326952
GGTCTGTGCACCTGGGAAAG,GGG,GGG,-1434971,1573703,1291327
GGTGCCTGTGACCTTGGCCT,GGG,GGG,-2725913,2864645,1290557
GGGCTGGAGAGCATGGGAGA,AGG,AGG,-1385992,1512355,1401654
GGGCTGGGCAGCAGCTGCCT,GGG,GGG,-1392306,1518582,1389113
GGATGTGGTCCTCATGCCCT,GGG,GGG,-2787667,2914030,1401696
GTCCTGGAGGCCAGGCCCTG,GGG,GGG,-2734936,2873834,1308769
GGCCTCCATCCACCCCTCCC,TGG,TGG,-1420683,1559498,1319820
GGCTCACTCCACCTGGCATC,TGG,TGG,-1388438,1514711,1396852
GGAGGCCAGGCCCTGGGGCT,AGG,GGG,-2734941,2873839,1308779
GCAGCTGCTCTGTCCTGTGC,TGG,TGG,-2784871,2911144,1396014
GATGCTGCAGATGAACCTGC,TGG,TGG,-1385182,1511545,1403274
GTCCTTGTGGAGTCAGGGTT,GGG,GGG,-1386233,1512596,1401172
GCCAGGGGACAGAGTGGCTG,GGG,GGG,-1430346,1569102,1300553
GCTCTGCCTCTGAGAGCCAT,GGG,GGG,-2734760,2873668,1308427
GAGCTGGGGTCCCCTCCCAT,GGG,GGG,-2784829,2911102,1395930
GAGGCAGAGCCACTGGCTGG,GGG,GGG,-1426324,1565232,1308445
GTGGGGTCAGGAGCCTGCTG,TGG,TGG,-2776708,2903240,1379947
GTGCCATGTGTGGCCAGTTG,GGG,GGG,-1382217,1508606,1409178
GACTTGCTGGTGGCCTGTGA,AGG,AGG,-1423542,1562427,1314032
GTGTTCCCCACGGTGGCCAA,GGG,GGG,-2741305,2880101,1321405
GCTTACAGACGGGCAGGCTG,TGG,TGG,-1412389,1552889,1334723
GTGAAGCTGTCTGTCCATGC,AGG,AGG,-1410074,1550581,1339346
GGTTATCTCCAGGTGACCCT,GGG,GGG,-2764513,2900557,1365069
GGTCCCCTCCCATGGGTAAG,TGG,TGG,-2784836,2911109,1395944
GCTGCCTGTCACCCTTCATC,TGG,TGG,-1385437,1511800,1402764
GGCCCATCCAGCCAGGCGAG,GGG,GGG,-2735246,2874148,1309393
GGGCCAGCCCCTCTGTGCCC,TGG,TGG,-2748756,2889233,1337988
GCTGTGCACACCAGCAGGGG,AGG,AGG,-2785331,2911604,1396934
GACCAGGCAGCAGAGAGGGG,AGG,AGG,-2743082,2881877,1324958
GTGGCTCACTCTGCAGCTGC,TGG,TGG,-2777302,2903426,1380727
GTGGGGGTGAGAAGTGGAGG,TGG,TGG,-2738298,2877112,1315409
GGCATCAGGGGGCCTGGTGC,TGG,TGG,-2745157,2885658,1330814
GACCTGGGAGGCCCAAGTTT,GGG,GGG,-2790370,2916779,1407148
GTCAAAGGCCTGTTCCTCCA,GGG,GGG,-1422730,1561544,1315727
GGTGGGTGGTGTGGCAGTCT,GGG,GGG,-1388811,1515084,1396106
GTGCCCCCAAGGGGTTGTTG,GGG,GGG,-2780698,2906973,1387670
GGGTGGACTCTCAATGCTGG,TGG,TGG,-2784507,2910782,1395288
GGTGCCTCCCAAGCATCTCC,TGG,TGG,-2764064,2900108,1364171
GGAGTTTCTGCTAAGAAGGT,GGG,GGG,-2793050,2919412,1412461
GCCCACCCCTTCAGGAGGCC,AGG,AGG,-1430329,1569085,1300587
GTTAAGCAGGCCTCTGCTAA,CGG,TGG,-1423714,1562599,1313688
GCGCATTCCTGAAGAGGCGG,CGG,CGG,-2729742,2868421,1298162
GGAGCCTGCGCTTGCGTCAG,AGG,AGG,-2776378,2902910,1379287
GTCCCCTCTCCACTCACCTG,TGG,TGG,-2726920,2865652,1292571
GCCACTCTGCTTCTGCCTCA,TGG,TGG,-2778979,2905239,1384217
GATGACTCACTCAGCAGGCC,TGG,TGG,-1428089,1566844,1305068
GAGACGTTGAGAATGTCGCA,GGG,GGG,-1420132,1558946,1320923
GGCTGGGCAGGGGAGACACA,GGG,GGG,-2777860,2903984,1381843
GCAGCCTGGGTGGGCACCTG,GGG,GGG,-2728561,2867290,1295850
GGGGCCTCTGCAGTCACGCT,GGG,GGG,-2727754,2866486,1294239
GGAAGTGAGCTCCCATGCCG,GGG,GGG,-1433902,1572634,1293465
GCAGCAGGGCAGCGGGGCAT,GGG,GGG,-1436135,1574868,1288998
GGGTCACTCTGGCCTTCATG,GGG,GGG,-1385138,1511501,1403362
GGGCAGGTTTCTGGAGGCTC,CGG,CGG,-2735409,2874311,1309719
GTGGAAAAATGGCCGATTCC,AGG,AGG,-2791240,2917629,1408868
GGGAGGGGCTTGGGAAGGTG,GGG,GGG,-1418863,1557658,1323480
GTGGCATGTTCTGTAGGCCA,GGG,GGG,-2784982,2911255,1396236
GAGCGCTTGGGGACTCGCGG,TGG,TGG,-1423774,1562659,1313568
GACCAGCAGGTTATCCTTGT,AGG,AGG,-1433747,1572479,1293775
GATTAGCCTCATGCAGCCGT,GGG,GGG,-2748816,2889293,1338108
GGCAGTGCAGCCTCCACACC,AGG,AGG,-1430514,1569270,1300217
GGCTCACCCGCCAGAGCTCG,GGG,GGG,-2745889,2886389,1332277
GTGGCAGGAATGGCCTGAGG,AGG,AGG,-1386112,1512475,1401414
GGCTCCCCAGCTGAGGCTGA,GGG,GGG,-1421196,1560011,1318794
GAGCCTGCTGTGGGCTGGCC,AGG,AGG,-2776718,2903250,1379967
GGGCCTGGTGCTGGGGTGGG,TGG,TGG,-2745166,2885667,1330832
GGCGACCATCCTGTGAAGCC,TGG,TGG,-2788550,2914914,1403463
GGGGCTTGGGAAGGTGGGGA,CGG,TGG,-1418867,1557662,1323472
GCAGTGGAGGCCTAGGGTGA,GGG,GGG,-1423616,1562501,1313884
GCCTCTGAGAGCCATGGGAC,AGG,AGG,-2734765,2873673,1308437
GCTCGGGGAGAGGCCCTGCA,GGG,GGG,-2745904,2886404,1332307
GCCTGCGGGGCCTCTTCTGC,GGG,GGG,-1436112,1574845,1289044
GGTGGCTTGTGTTAGTCAGA,GGG,GGG,-1412508,1553008,1334485
GGCCACTCATGGGCTAAGCC,TGG,TGG,-1413411,1553911,1332679
GATTGCATTCACATAAACAG,TGG,TGG,-2751200,2892367,1343566
GGGCCTGGGCACCCAGCGCT,AGG,AGG,-2762158,2893685,1355842
GCTCACCTCTGGGGGCTCTG,GGG,GGG,-2739766,2878581,1318346
GGTTCAGCATGGCCAGGCCC,TGG,TGG,-2744793,2885303,1330095
GCCCATCCCATGCCCCAGAA,TGG,TGG,-1429804,1568559,1301638
GCTTGGTCCTGCTGTCGATG,AGG,AGG,-1395116,1521374,1383511
GCCTGTGGTGCTGGTGGCAC,AGG,AGG,-2776513,2903045,1379557
GTCAGCTCTGGGCAACAAAG,AGG,AGG,-2787248,2913611,1400858
GCTGGGGCAGGGACGAGGAG,AGG,AGG,-2726447,2865179,1291625
GCATGGTGGGCAGTGGTCGG,AGG,AGG,-2777253,2903377,1380629
GCAGCCCTCACTTCAGGAGA,GGG,GGG,-2744379,2884766,1329144
GATGGGGCCTTCCTGGGCCC,AGG,AGG,-1392272,1518548,1389181
GAGCCCCCAACACACATTCC,AGG,AGG,-2727986,2866717,1294702
GTCCCCCATTCCCCAAGGCT,GGG,GGG,-1437162,1575926,1286913
GGCCAGGGGAGCAGGAGGTG,TGG,TGG,-2727551,2866283,1293833
GCTTGTGGGGTGAGAAGTGG,AGG,AGG,-2738336,2877150,1315485
GGGCTGCTGAGGCAGGACAG,GGG,GGG,-2740452,2879267,1319718
GGCTGCCTTTCTGGTCACAC,TGG,TGG,-2788326,2914689,1403014
GGGATCAGATGGGAGCACCA,GGG,GGG,-1430585,1569341,1300075
GGCTGCCCTGCTGATGTCCA,TGG,TGG,-1432706,1571435,1295860
GGCAGCAGTTAGCAGCAGCT,GGG,GGG,-1417427,1556224,1326350
GGTGTCTAGGAGGGACCCTT,GGG,GGG,-2745123,2885624,1330746
GGGGCATGGTGGGCAGTGGT,CGG,CGG,-2777250,2903374,1380623
GGCCCCTGAGGCTCCCCTGC,AGG,AGG,-2790760,2917148,1407907
GGGCCTAATGAGCTCATTCA,TGG,TGG,-2785080,2911353,1396432
GAGATTTCTTTAGCCAGGCC,TGG,TGG,-1410352,1550828,1338821
GGGGAGGGGGCAGCCAGCAG,TGG,TGG,-2785347,2911620,1396966
GCGAGAGGACCAGTGTGGCC,AGG,AGG,-2795443,2920760,1416202
GACGGCCAGGCTCTGCCCAC,AGG,AGG,-1429156,1567905,1302940
GGAGGGGACGGCTTTGTGGC,TGG,TGG,-2741102,2879916,1321017
GGAACAGTGGTTTATTGACC,AGG,AGG,-1386422,1512785,1400794
GAGAAGTGGAGGGTGAGAAT,TGG,TGG,-2738347,2877161,1315507
GGGAATACAGAGTTATCACT,TGG,TGG,-2764214,2900258,1364471
GGACGGGCCCTGCGGCTCCG,AGG,GGG,-2729255,2867982,1297236
GCACCAAGGCCACCAGCTGT,TGG,TGG,-2779539,2905799,1385337
GGACACAGCAGCTGTGGGGA,TGG,TGG,-2785969,2912384,1398352
GATGGCACTGCCTGAGGATG,TGG,TGG,-2740204,2879019,1319222
GCAGAGACCCTGGGAGTGTC,TGG,TGG,-2777654,2903778,1381431
GGACACACATCTCTGATGCG,TGG,CGG,-1410031,1550538,1339432
GGCCCCAGCAGCCCTCCGTC,AGG,AGG,-2775440,2901798,1377237
GTGGCCCCAAGAATCCCACT,GGG,GGG,-2733520,2872274,1305793
GGAGAGCCAAGAGGCACCCG,GGG,GGG,-2724812,2863545,1288356
GCCGCTGGAGCCAGGCCCTT,CGG,CGG,-1410322,1550798,1338881
GAGGGTCCCAGTCTCCAGGC,AGG,AGG,-2787761,2914124,1401884
GAGACAGGGTTTCACTGTAA,TGG,TGG,-1360673,-2965635,1604962
GACCGGCATGCTGGTCGTGG,AGG,AGG,-1428775,1567530,1303696
GGGAGGGAGTGAAGGTACTA,TGG,TGG,-2726863,2865595,1292457
GAATGGCAGGAGCTGGAGGT,GGG,GGG,-2795978,2921283,1417260
GGGAAGGCGGAATCTGGGAG,GGG,GGG,-1389690,1515965,1394346
GAGAGGAAACCGAGGCTCTA,AGG,AGG,-2740796,2879610,1320405
GGGGACAGAGGCCAGGTCTG,AGG,AGG,-2723294,2862059,1285352
GGGGGTACAAAGGCAATGGT,AGG,GGG,-1384157,1510552,1405292
GGACAGATTGCTGGCAGGGG,AGG,AGG,-1423083,1561965,1314953
GCCATGGTAGCAGAGACCTG,GGG,GGG,-2746136,2886636,1332771
GCCCACTAGCACTGTGGCAA,GGG,GGG,-1433646,1572378,1293977
GTCAGGCCTCAGCCTCCCAC,TGG,TGG,-1430157,1568913,1300931
GTCCTGGGTGAGAAAGCAGG,GGG,AGG,-1421095,1559910,1318996
GGGGCGCAGTGCGTACAGTG,TGG,TGG,-2779512,2905772,1385283
GTTTAGCCTGGGCCTCAGGG,TGG,TGG,-2780134,2906396,1386529
GAGGGAAGGAAGCCAGGGAG,AGG,AGG,-1420612,1559427,1319962
GGGCTCACCCGCCAGAGCTC,GGG,GGG,-2745888,2886388,1332275
GAGCTTAGGTGAGGCCTCGG,CGG,CGG,-2764693,2900737,1365429
GTGACCCAGCGTGACTGCAG,AGG,AGG,-1433489,1572221,1294291
GGAGCCTTGGTCTGTGCACC,TGG,TGG,-1434963,1573695,1291343
GGGTGGCAGGAGAGGCCTGG,AGG,AGG,-2745183,2885684,1330866
GGCGCAGGCGCTGGTTGTAC,AGG,AGG,-2793294,2919657,1412950
GGCTTGGGCCGCCGCCCTCC,AGG,AGG,-1414280,1554781,1330940
GCAGGACTGGCTGAGTCCCG,AGG,AGG,-2735796,2874698,1310493
GTCAAATCCAAGAGGAGAGA,TGG,TGG,-2736121,2875023,1311143
GGGCCTGGCCATGCTGAACC,AGG,AGG,-1414679,1555189,1330133
GCCTCGGCGGGTGCGAGGTG,AGG,AGG,-2764706,2900750,1365455
GGCTTCCAGAAGGCCTGGAG,AGG,AGG,-2785180,2911453,1396632
GCAGGGAGATCTCGAGGTGG,GGG,GGG,-2738484,2877298,1315781
GTCCAGCACCCTGGGTGGCC,AGG,AGG,-1386259,1512622,1401120
GTGGGCTCTCCCGTGGGCCT,GGG,GGG,-2762144,2893671,1355814
GCACCCTGCCCTGCTGAGAG,TGG,TGG,-1389585,1515860,1394556
GGCTGACCAGCAGAGCACAC,TGG,TGG,-1384599,1510962,1404440
GCAACACTGTCGCCAGCTCC,GGG,GGG,-2796234,2921539,1417772
GGAGTCCCTCTGCCCAACTT,TGG,TGG,-2733388,2872143,1305530
GCCATTCCAGAACAGTGTCC,AGG,AGG,-1417977,1556772,1325252
GGGGACTGTGGACTCCCAGC,TGG,TGG,-2723700,2862465,1286164
GGAGAGAGGAAGCCCTGCTG,AGG,AGG,-1389122,1515397,1395482
GGCCAGGGAGGGGTGGATGG,AGG,AGG,-2740479,2879294,1319772
GGGCACTTCCAGGCTGAGGC,TGG,TGG,-1434121,1572853,1293027
GAGTGGGGAACAGGATTGGG,GGG,GGG,-2740991,2879805,1320795
GATGGGCGTGCGGCTGATGG,TGG,TGG,-2780415,2906690,1387104
GGTGCTGTCAACAGCCAGCA,TGG,TGG,-2782312,2908588,1390899
GCCCTGGGGCACAGGCCAAT,GGG,CGG,-2735825,2874727,1310551
GTCCTGTGGGAACCACTAGG,AGG,AGG,-1386054,1512417,1401530
GGGGGCTGGTGGCAGCTGTG,TGG,TGG,-2785947,2912362,1398308
GGACCCATTTAGGGTGTGGT,TGG,TGG,-1413637,1554137,1332227
GACTGGGGCTAGATGTGTCA,TGG,TGG,-1394276,1520536,1385189
GCTGACAGGACTGAGTTTGC,AGG,AGG,-2737755,2876637,1314391
GGACCAGTGTGGCCAGGCTG,CGG,CGG,-2795449,2920766,1416214
GGTCCAGGAAAGAGCCCCTT,AGG,AGG,-2780755,2907030,1387784
GTGCTGGGAAGGGAAAAGTG,TGG,TGG,-2746426,2886926,1333351
GCCAAGGCTGAGGCTGGGTG,AGG,AGG,-1436935,1575665,1287401
GACAAGAAACAGACCTTCGA,GGG,GGG,-1407037,1548196,1344768
GATACCCTGGCGCCAAAAAG,CGG,CGG,-1399383,1535427,1365191
GGCCAGAAAACCATGATGTT,TGG,TGG,-2743517,2882314,1325830
GGCCCTGGCTATGGGGCAGG,GGG,GGG,-1419429,1558224,1322348
GACAGGGAGCTGTGCAGGGT,GGG,GGG,-2734782,2873690,1308471
GGCGGTCCACAACCCAGAGC,TGG,TGG,-2795920,2921225,1417144
GAGGGCAGGGAGAGGCCTGC,AGG,GGG,-2736736,2875638,1312373
GGACAGCGCTGGGGTGGACC,AGG,AGG,-2731213,2869968,1301180
GATGGTGGCCTCCCACAATG,AGG,AGG,-2783064,2909341,1392404
GGCTCCGCCCTCCCGGGGCC,GGG,GGG,-2729151,2867878,1297028
GGGGCTCTGCCTGGTGCAGG,GGG,GGG,-2739694,2878509,1318202
GGGCAAGCCCAAGTGACAGC,AGG,AGG,-1392250,1518526,1389225
GAGGTTTAGCCTGGGCCTCA,GGG,GGG,-2780131,2906393,1386523
GGATCTGTTTCCTCAGTCCC,TGG,TGG,-2795790,2921098,1416887
GAAAGCCAGAGGGCTTGTGG,AGG,AGG,-1434563,1573295,1292143
GAGCTCTCCCTTCCCCAGCA,TGG,TGG,-1418130,1556925,1324946
GAGAGGTGTGAGTGAGAGGT,AGG,AGG,-2738161,2877028,1315188
GCCCCTGCCCTCGCCCTCTG,TGG,TGG,-1387558,1513973,1398470
GGAGGCAAGGTGGGCGTGGG,GGG,GGG,-1418208,1557003,1324790
GTCTGAGGACAGCGCTGGGG,TGG,TGG,-2731207,2869962,1301168
GGCTTCCTGGTGTGAACAGA,TGG,TGG,-2747503,2888003,1335505
GATGGCAGTGACAGCATCCT,GGG,GGG,-2787713,2914076,1401788
GTGAGACTGTACAGAGGTCG,GGG,GGG,-2764595,2900639,1365233
GCCCGGCGCATGACCAGCTC,TGG,TGG,-1378741,1504046,1417214
GTGGGAGGCCACCATCACCT,TGG,TGG,-1390645,1516922,1392434
GAGGGCCCAGGGCCTGTGGA,GGG,GGG,-1418640,1557435,1323926
GCGGGTGCTGTGCATTACAG,AGG,AGG,-2795493,2920810,1416302
GGCAGGGCTGCAGAGAGGGC,AGG,AGG,-1406206,1537733,1356062
GGTGGGAGGATGGAGGAGGC,TGG,TGG,-1383636,1510026,1406339
GCCTTGCCTGCTCCACGGCC,AGG,AGG,-2740380,2879195,1319574
GTGGGAGGGGCTGGGGAGCT,GGG,GGG,-1413616,1554116,1332269
GGGTGCACACACGGACTCTG,AGG,AGG,-1432848,1571577,1295576
GCAGGCAGGAGTGCCCAGGA,GGG,GGG,-1425549,1564451,1310001
GGCAGGCCCAGTGGGATTCT,TGG,TGG,-1427699,1566453,1305849
GGGCTCTTTCCTGGACCCTG,GGG,GGG,-1392955,1519230,1387816
GAGCTGGAGGGTGGCTTCAG,TGG,TGG,-2783256,2909533,1392788
GCCTGAGGAGGAGCCCTGCG,GGG,GGG,-1386124,1512487,1401390
GGTAGCAGAGACCTGGGGAG,GGG,GGG,-2746141,2886641,1332781
GCAGGAAACGCCTCCCTTCC,TGG,TGG,-1399837,1535881,1364283
GCAGCAGAGGCCTCTACCTG,GGG,GGG,-1385792,1512155,1402054
GCGTGCATCAGCAGCGGGGT,GGG,GGG,-2777420,2903544,1380963
GGGTGCCTGTGACCTTGGCC,TGG,TGG,-2725912,2864644,1290555
GACAGGCTGTGTGCAGCTCC,CGG,CGG,-1411629,1552134,1336238
GGACTGACGGCAGACTCACT,GGG,GGG,-2748941,2889418,1338358
GACACAGCTCCGGGCGGCCA,GGG,GGG,-1395730,1521854,1382417
GTCAAGCTAGGCTGTGTTGT,TGG,TGG,-1410613,1551090,1338298
GGGGTCAGAATTCCCCCGCT,GGG,GGG,-1418781,1557576,1323644
GCAGCCTGGTCAGTGTCCTG,TGG,TGG,-1386040,1512403,1401558
GCTGGCAGTGTGTGAGGGGA,TGG,TGG,-1395770,1521894,1382337
GTTCTGGGAGGAGCAGGCTT,AGG,AGG,-1376949,1502503,1420549
GTTCTGACATCCCAGCACCC,AGG,AGG,-1410872,1551349,1337780
GAGCTCCAATGTCATGCTCA,TGG,CGG,-2751642,2892801,1344442
GGGGCGTTGGCGGCAGTAGA,GGG,GGG,-1432416,1571143,1296442
GATGGGAGCACCAGGGCTCT,GGG,GGG,-1430592,1569348,1300061
GCCCCATCCTGCTGTCACTT,GGG,GGG,-2781446,2907722,1389167
GCCCTGAGAAGACAGAGGGG,TGG,TGG,-1392004,1518280,1389717
GAAATAAAGATGCCTCAGTG,TGG,TGG,-1385697,1512060,1402244
GAGGTGGCGGTGCTGCAGGT,GGG,GGG,-2777167,2903289,1380455
GATGGGTGCCTGCTTTAGAC,TGG,TGG,-2785440,2911713,1397152
GAGGGGAGATGCTGGCAGGA,GGG,GGG,-2777370,2903494,1380863
GGCAGAGGGACTCCTAGGGA,TGG,TGG,-1427845,1566600,1305556
GGCACAGGGAAGCCCGAACA,GGG,GGG,-2793029,2919391,1412419
GCCCCTGTTGCCTGTCTGCT,GGG,GGG,-2738569,2877383,1315951
GTGGGCTGGGCCCTACTGCT,TGG,TGG,-1422073,1560888,1317040
GGGTGTCTCAGGAGAGGTTC,CGG,CGG,-2745788,2886288,1332075
GCCGGGCCTGCCTGGTTCCC,TGG,TGG,-1409800,1550307,1339894
GTGGATGTGGAAGGTGGAGG,TGG,TGG,-1437488,1576253,1286260
GATGCGCAGGCAGTGGCTGG,GGG,CGG,-1418245,1557040,1324716
GCCTGGGGAGGTGCAGCTCA,AGG,GGG,-1392322,1518598,1389081
GTCAGGGGCAAGAATGCTGC,AGG,AGG,-2776304,2902836,1379139
GCAAGGGAAGCCAGGAAGGG,AGG,AGG,-2764088,2900132,1364219
GGCCCACTAGCACTGTGGCA,AGG,AGG,-1433645,1572377,1293979
GCTGAGGCAGGACAGGGGTC,CGG,CGG,-2740457,2879272,1319728
GGGAGGGAGGCTGCAGTCTG,AGG,AGG,-2790106,2916516,1406621
GTGGGCTGGGCTGCTGAGGC,AGG,AGG,-2740445,2879260,1319704
GGCACATCCCAACCTGCACT,GGG,GGG,-1385577,1511940,1402484
GGACCTTCCCCCACCTTCCA,GGG,GGG,-2726629,2865361,1291989
GCAGATAGGGGAAGCTAGAA,GGG,GGG,-1412634,1553134,1334233
GGGGGTTTCCTCTATGGGGC,AGG,AGG,-2739712,2878527,1318238
GGGTCCCTGCCCTGGGTGCT,GGG,GGG,-2748620,2889097,1337716
GTGTGTACCACAGAGGGTGA,CGG,CGG,-1391287,1517565,1391149
GTCCCACTGTAGCTGTGGTC,AGG,AGG,-1422622,1561436,1315943
GCAGCCCCCAGCAGCCCATG,TGG,TGG,-1425744,1564646,1309611
GGGTTCATGTCCTGGGGTTG,AGG,AGG,-2785382,2911655,1397036
GGGCCGGGCCGGCGAGCAGG,CGG,CGG,-2741623,2880418,1322040
GCGGAAGGAAAATCAATGCT,GGG,GGG,-2748913,2889390,1338302
GCACCCCAAGGCTGTCTCCA,AGG,AGG,-1420649,1559464,1319888
GACCCTCTGGGCCGATCTCC,AGG,AGG,-1419299,1558094,1322608
GCCCTTGTCTGGCATTTGTC,AGG,AGG,-2763581,2896061,1359641
GCTTCTCCTGCTGATTTGGC,AGG,AGG,-1382502,1508891,1408608
GGGCCCCCTGCCCCATAGCC,AGG,AGG,-2741752,2880547,1322298
GGCAGGCAGGAGTGCCCAGG,AGG,AGG,-1425548,1564450,1310003
GTCTACACCAGTCAGTTCCT,AGG,AGG,-2732108,2870857,1302964
GAGCAGTGGCCGGGCTGGGG,AGG,AGG,-2787167,2913530,1400696
GACCCGTGGTGGCGGGAGTG,CGG,CGG,-2764800,2900844,1365643
GGGCAGAGCTGAAGCCTGCA,GGG,GGG,-1388928,1515201,1395872
GGGACCACCCAGTCTAAAGC,AGG,AGG,-1388258,1514531,1397212
GACCCCCAGGACACGGAGGC,AGG,AGG,-2728177,2866906,1295082
GGTGAGACTGTACAGAGGTC,GGG,GGG,-2764594,2900638,1365231
GAGCTCACCTCTGGGGGCTC,TGG,TGG,-2739764,2878579,1318342
GTGGACGGAGCATGGGCAAA,TGG,TGG,-2741826,2880621,1322446
GAGGAAAGGAGCATTCCTGA,GGG,GGG,-2737713,2876596,1314308
GTCCTCAGCTGGCACCCACC,AGG,AGG,-1435861,1574593,1289547
GCTGTCCTGGGCCTGTGGCC,CGG,CGG,-1434928,1573660,1291413
GCCAACACCAGGGCACAGAG,GGG,GGG,-1410739,1551216,1338046
GGCCCTCATGACCGGCATGC,TGG,TGG,-1428766,1567521,1303714
GGGAGGAGCCAGGGACCCTG,TGG,TGG,-2732058,2870807,1302864
GCGCAGCGCCCTGCTGAGCT,GGG,GGG,-1395036,1521294,1383671
GGTGCTGAGCAAGCTGACCT,TGG,TGG,-1410653,1551130,1338218
GAGTCCCCTCCGTGCTGGCC,TGG,TGG,-1386192,1512555,1401254
GCTTCTCTGCCCTGTGGGGC,AGG,AGG,-2786094,2912509,1398602
GCGCCCCGAGGCTCTGGGTC,GGG,GGG,-1394223,1520483,1385295
GGGTGGGGGTGCAGCTGGGT,GGG,GGG,-2746114,2886614,1332727
GGCCGCTGTGCTGCCTGTCC,GGG,GGG,-1407066,1548225,1344710
GTTCCGTTTCCCAGATGGAG,AGG,AGG,-2734373,2873250,1307622
GGGACTGAGGAAACAGATCC,TGG,TGG,-1378884,1504192,1416925
GGTCATCAGGCCTCTCTGGC,TGG,TGG,-2735571,2874473,1310043
GCGGAATCTGGGAGGGGAGG,GGG,GGG,-1389696,1515971,1394334
GAGGGGCAGCTGAAGCAGTG,GGG,GGG,-1433796,1572528,1293677
GCAGAGGGACTCCTAGGGAT,GGG,GGG,-1427846,1566601,1305554
GCTCCCCAGCCCCTCCCACA,AGG,AGG,-2745867,2886367,1332233
GGGCTGGAGCCCCTGGTCAA,GGG,GGG,-2732006,2870755,1302760
GTCTGTTGAGTGGGGAGGCC,AGG,AGG,-1433007,1571736,1295258
GCAAGGCTGGCAGTGTGTGA,GGG,GGG,-1395765,1521889,1382347
GGGGCCCCCATCCAAGCCCC,AGG,AGG,-1385932,1512295,1401774
GGTGACTCAGACCAAGTCCT,TGG,TGG,-2734716,2873624,1308339
GCAGAGCACACTGGAGAAGG,CGG,CGG,-1384608,1510971,1404422
GCCCTGCCCTGAGAAGACAG,AGG,AGG,-1391999,1518275,1389727
GGGCGGGGTGGGGTGGGGTC,AGG,AGG,-2776696,2903228,1379923
GTCAGTCTCACTGCAAAGTG,TGG,TGG,-2739225,2878040,1317264
GCATGACCAGCTCTGGGTTG,TGG,TGG,-1378748,1504053,1417200
GCACCCCGCGCACCTGCTCG,TGG,TGG,-1399956,1536002,1364043
GCTTTGATGAATAAGAGATG,AGG,AGG,-1427785,1566540,1305676
GCCTCCGGCTCCGCCCTCCC,GGG,GGG,-2729145,2867872,1297016
GCTCCTACAAGAGCAAGGCT,GGG,GGG,-1426811,1565688,1307502
GGGGGAAGCTGTGTCCACTG,GGG,GGG,-1389047,1515322,1395632
GATGTCTTGCCCCTGTCTGT,GGG,GGG,-2728220,2866949,1295168
GCTCTCAGCTGCAGGAACAG,TGG,TGG,-1386409,1512772,1400820
GGTCAGCCTAGGACCCGTGG,TGG,TGG,-2764789,2900833,1365621
GCAGGCATCAGGAGCGCTTG,GGG,GGG,-1423763,1562648,1313590
GTGCTGCAGCCCCAAGGGAT,GGG,GGG,-2743872,2882669,1326540
GCAGCCCAGCAGAGTCCTGC,TGG,TGG,-2786258,2912672,1398929
GGTTCTGAGAACCAGGGGAG,AGG,AGG,-1392844,1519119,1388038
GCTGGGGCTGGGCTGGGCAG,GGG,GGG,-2777850,2903974,1381823
GTGTGGGACACAGCAGCTGT,GGG,GGG,-2785964,2912379,1398342
GGGAGGGAGTGGCCAGCCAC,AGG,AGG,-2765109,2901155,1366263
GACATTGGGAGTCAAGACTT,GGG,GGG,-2746249,2886749,1332997
GTGGGACCTGCTGGAATAAA,TGG,TGG,-1436561,1575294,1288146
GAGGCCTAGTGAGTCCCACC,AGG,AGG,-1384015,1510406,1405580
GCCCTGAGGTACATCGCATA,GGG,GGG,-2724582,2863315,1287896
GAGCCCTTGTGGGAGGGGCT,GGG,GGG,-1413608,1554108,1332285
GACCAGCATGCCGGTCATGA,GGG,GGG,-2732456,2871211,1303666
GAACACTGTTGGGGAAAAAT,GGG,GGG,-2764356,2900400,1364755
GAGATCCTGTGCTGGCATCT,TGG,TGG,-2745088,2885589,1330676
GTTCCTCTCAGCTTGTAATC,AGG,AGG,-2784471,2910746,1395216
GTCAACCTTGGCCTTGGATT,GGG,GGG,-1381275,1507669,1411057
GGCAGGTCACTTGAGCCCAG,GGG,GGG,-1395528,1521653,1382820
GGTGCCTGCTTTAGACTGGG,TGG,TGG,-2785444,2911717,1397160
GGCTCAGCAGCGAGAACTAG,AGG,AGG,-1383861,1510251,1405889
GCAACAGCCCAAGAGAAAAA,TGG,TGG,-2736539,2875441,1311979
GGCAGGCCTGCTGGGCTTCC,TGG,TGG,-2789779,2916169,1405947
GGCAGGGACACTGGTGAAAC,AGG,AGG,-1378552,1503857,1417592
GATGCACAAGACAGATGACT,TGG,TGG,-1394800,1521060,1384141
GAGGCTGGGTCTTCACCTAT,GGG,GGG,-2747559,2888059,1335617
GCGCCACGAGCAGGTGCGCG,GGG,GGG,-2763974,2900020,1363993
GTCAGATTCTCTTCTGAGCC,AGG,AGG,-1435449,1574181,1290371
GGTGATGGCCTGGGCGGGGG,CGG,CGG,-1386755,1513118,1400128
GGGGCTCTGGAGGAAGTGGG,TGG,TGG,-1437358,1576123,1286520
GCCTGGGAGCTTGCATCAGC,TGG,TGG,-1429059,1567808,1303134
GCAGAATGTGGGGTGCTAGG,TGG,TGG,-1426381,1565289,1308331
GGCAGGGGCTGCCAGGGGCA,GGG,GGG,-1406190,1537717,1356094
GGCCTATGGGGATCCTGCAA,TGG,TGG,-1376997,1502551,1420453
GTTCTCAGAGTGGCCGTGTC,TGG,TGG,-1399598,1535642,1364761
GCCCAGTCAGCAGAGCCAGG,TGG,TGG,-2789659,2916049,1405707
GCAAAGCTGTGTCTGTCATG,AGG,AGG,-2782677,2908955,1391631
GGCCAGCACTGCCCAGCACT,CGG,CGG,-2784436,2910711,1395146
GCACACATGGGCCTCGGGAC,TGG,TGG,-1421125,1559940,1318936
GGCAGTGGAGGCCTAGGGTG,AGG,AGG,-1423615,1562500,1313886
GGCTCTGCTCCCACCATGGC,CGG,CGG,-1425797,1564699,1309505
GCTGCTGGCGCGCCACGAGC,AGG,AGG,-2763965,2900011,1363975
GTGTGAGGTGGGGAACGATT,CGG,CGG,-1428911,1567660,1303430
GCCAGCACTGCCCAGCACTC,GGG,GGG,-2784437,2910712,1395148
GCTGAGCCTGCAGGGTGGGG,AGG,AGG,-1391741,1518017,1390243
GGGAGATAAAAAGTATGAGT,GGG,GGG,-2740975,2879789,1320763
GGCCAGACCCTGGGCACCCT,TGG,TGG,-1433436,1572168,1294397
GCAAGCTCTGGGGGGCATCG,AGG,AGG,-1417540,1556337,1326124
GCAGGCCCAGTGGGATTCTT,GGG,GGG,-1427700,1566454,1305847
GGAGGCCTAGGGTGAGGGAC,TGG,TGG,-1423621,1562506,1313874
GGCTCACTCTGCAGCTGCTG,GGG,GGG,-2777304,2903428,1380731
GACGGCGATGTGGAGGCTTT,GGG,GGG,-2764996,2901042,1366037
GGTGGCGGGAGTGCGGAGGA,TGG,TGG,-2764807,2900851,1365657
GGTCTTTGCTCCACACATTC,TGG,TGG,-2732888,2871644,1304531
GGCCGTCCATGCTGGGATGG,AGG,AGG,-2741173,2879987,1321159
GGACATGCCAGGCTGGCACC,TGG,TGG,-2733688,2872565,1306252
GGGCCTGAGTGGGACACTGG,AGG,AGG,-1383996,1510387,1405618
GGATGTCTTGCCCCTGTCTG,TGG,TGG,-2728219,2866948,1295166
GGGGTTTAAGAATGAGGGTC,TGG,TGG,-2746302,2886802,1333103
GGAGGCCAGGCTGCCTGCAG,TGG,TGG,-1419011,1557806,1323184
GCCTGTGGCTATGGTGGGAC,AGG,AGG,-2788304,2914667,1402970
GGTGCACTGACAGCACTTGT,AGG,AGG,-1417562,1556359,1326080
GCTAGGCAGGGACTCAGGGG,AGG,AGG,-2746184,2886684,1332867
GGGCTGGGGCCCTGGAAGGT,GGG,GGG,-1434609,1573341,1292051
GCTAACATCCCTGAGCAGTT,TGG,TGG,-1392601,1518876,1388524
GGAACAGTGGCATGTTCTGT,AGG,AGG,-2784976,2911249,1396224
GCCCTGGCACAGGGTTAGTG,AGG,AGG,-1435074,1573806,1291121
GTGAGGACCTTCTTGGTGAG,GGG,GGG,-1433542,1572274,1294185
GAACCCCTGCTCCAGTGCAC,AGG,AGG,-2723538,2862303,1285840
GCAGTCATGGTGATAGCTTG,TGG,TGG,-2738321,2877135,1315455
GTTGACCTCATGGCCTGAAA,TGG,TGG,-2727847,2866579,1294425
GTGGCTCTCTTCTTGCCTTT,TGG,TGG,-1382602,1508990,1408409
GCTTCTGCCTCATGGTTCTG,GGG,GGG,-2778987,2905247,1384233
GCAGCCGGGCTCTCTCCTCT,TGG,TGG,-2784691,2910964,1395654
GTCCTCACTTGCCCATGGGA,AGG,AGG,-1425416,1564318,1310267
GGCTGCTTAGGGGCTCCCAC,AGG,AGG,-2736702,2875604,1312305
GTGCAAGCTCAGCGAGGCCA,AGG,AGG,-1428714,1567469,1303818
GTGCAGGCCTGGACTGAGCC,TGG,TGG,-2779937,2906207,1386143
GAGGCGACCCTGTGTGCAGA,TGG,TGG,-2739337,2878152,1317488
GTTGGGGTTTCGGTGCAGGG,TGG,TGG,-1390579,1516856,1392566
GGCCAGGGCCAAAAGTCACA,GGG,GGG,-1392222,1518498,1389281
GCCCTGCTGCCCCGCAGAAG,AGG,AGG,-2725124,2863857,1288980
GGTGTTGCACCGGCTGCACA,GGG,GGG,-2726395,2865127,1291521
GACCAGGAGCCAGCTGGGGC,TGG,TGG,-2796035,2921340,1417374
GGCACGTGCAGGGCCTGCCG,TGG,TGG,-1433970,1572702,1293329
GCTGGAATAAATGGTGCTGA,TGG,TGG,-1436570,1575303,1288128
GTCTTCCTCACCTGCACCAT,GGG,GGG,-1434078,1572810,1293113
GACCAGTGAAGGAGAGTGGA,GGG,GGG,-2744498,2884932,1329429
GAGCTCAGCCTCCACTGAAA,AGG,AGG,-1423023,1561905,1315073
GGTCACGGTTCTGCCACGGC,AGG,AGG,-2727264,2865996,1293259
GCCCAAGACACCAGTGGGGT,TGG,TGG,-1422702,1561516,1315783
GCAGCCTCCACACCAGGCAG,AGG,AGG,-1430520,1569276,1300205
GAGTACAGGTAAGAGGCACA,TGG,TGG,-2751586,2892750,1344335
GGCTTTAAACCTATGAGATA,GGG,GGG,-1429858,1568613,1301530
GGGCTGCTGGGGCCAGCATG,GGG,GGG,-1398190,1524548,1377263
GACTGCACCTGGGCCCAGGA,AGG,AGG,-2781424,2907700,1389123
GGATGCAGCTGGCCCGGTCC,TGG,CGG,-1421017,1559832,1319152
GGCGCAGGGGGTGGGAGAGT,GGG,GGG,-1393329,1519604,1387068
GCTCAGAGGCCCTGGCTATG,GGG,GGG,-1419422,1558217,1322362
GCCCCGCCCCAGGACTTGTG,GGG,GGG,-1421300,1560115,1318586
GGCACCCGGGGGCCCAGGGC,AGG,AGG,-2724824,2863557,1288380
GCAGGTTGGGATGTGCCCGG,TGG,TGG,-2788045,2914408,1402452
GGGATCGTACAGTGCACCCC,TGG,TGG,-1391056,1517334,1391611
GCTGGTGCTCAGAGGCCGTG,GGG,GGG,-1394050,1520310,1385641
GTGTGGGGCTCTGGAGGAAG,TGG,TGG,-1437354,1576119,1286528
GTCTAGAACCACTTACCCAT,GGG,GGG,-1388862,1515135,1396004
GCATGAGGATGCAGCTGGCC,CGG,CGG,-1421011,1559826,1319164
GTGTCCATCTGCTCCAGGAT,TGG,TGG,-1381741,1508128,1410132
GGTGCCGTCGAGAAGCGCCA,GGG,GGG,-2793370,2919733,1413102
GAGGAGTAAAGGGGATGGAC,CGG,CGG,-2723329,2862094,1285422
GTGCAGGGGTGTCCTTGGCA,GGG,GGG,-1421887,1560702,1317412
GCTGAGCCATCCGTTCCAGC,AGG,AGG,-1425592,1564494,1309915
GCAGCGCCTGCCTGAGCACT,GGG,GGG,-2789812,2916202,1406013
GCTATAAGGTGTTGGACTAC,AGG,TGG,-2796661,2921958,1418618
GCAGTGGCTAAAGATGACAG,AGG,AGG,-2745604,2886104,1331707
GTGGGCCCCAGGCTCAGTCC,AGG,AGG,-1393765,1520035,1386201
GTGACCAACAGGCCAGACCC,TGG,TGG,-1433426,1572158,1294417
GGGAGTGCGGAGGATGGTGG,AGG,AGG,-2764813,2900857,1365669
GAGTGCCACCTGGAAGGTGC,CGG,TGG,-2745027,2885536,1330562
GAAGCTAGAAGGGGGTGGAG,TGG,TGG,-1412644,1553144,1334213
GCCCCCGACCCAGAGCCTCG,GGG,GGG,-2779493,2905753,1385245
GCCCCTTGGAGACAGCCTTG,GGG,GGG,-2740512,2879327,1319838
GGAATGGGAGCTACTTGGTG,GGG,GGG,-1413723,1554223,1332055
GGGCTGGTGTTAGCTGGGTT,GGG,GGG,-2744549,2884984,1329532
GCTGCTGGGGTTGGCCTGGT,GGG,GGG,-2777317,2903441,1380757
GGCCCTGGAATGTGTGTTGG,GGG,GGG,-1433259,1571990,1294752
GAAATTCTTTGGAATGTTGG,GGG,GGG,-1436511,1575244,1288246
GACCAGGAGGTGGAGAAGAA,AGG,AGG,-1436218,1574951,1288832
GGGGCTGGTGGCAGCTGTGT,GGG,GGG,-2785948,2912363,1398310
GACAATAAAAGCCCCTAGTC,AGG,AGG,-1434295,1573027,1292679
GCCCTGTGGGGCAGGCTGCT,GGG,GGG,-2786102,2912517,1398618
GCCCAGCACTCGGGAGCTGG,TGG,TGG,-2784446,2910721,1395166
GGGACCCAGGAGGCCACTCA,TGG,TGG,-1413400,1553900,1332701
GAGGCTGGGCGGAATTGGCC,CGG,CGG,-1434136,1572868,1292997
GAACAGCCCTGCTGGAGGCA,AGG,AGG,-1418195,1556990,1324816
GAACCTCTCACCGGGAGCCT,TGG,TGG,-1434950,1573682,1291369
GCAACAATTTGCCACAAGTT,AGG,AGG,-2792174,2918568,1410741
GGGTGGCTTGTGTTAGTCAG,AGG,AGG,-1412507,1553007,1334487
GTGAGTGACCAGGAGCCAGC,TGG,TGG,-2796029,2921334,1417362
GCCTGTAGTCTCCGCTACTT,GGG,GGG,-2737078,2875967,1313044
GCATGGCCTTGCCCATCCCT,TGG,TGG,-1417299,1556096,1326606
GTTGGGGCAAATGCAGCATC,TGG,TGG,-2725873,2864605,1290477
GATGGCAGCCGCATCAGGCT,GGG,GGG,-2736666,2875568,1312233
GGAGGGCAGGGAGGGAGTGA,AGG,AGG,-2726855,2865587,1292441
GCTGGACAGGCCTGAGCTCC,AGG,AGG,-2737946,2876828,1314773
GTGTGGGTCTGGCAGGGAGC,CGG,CGG,-2744573,2885008,1329580
GAGCGGGAGGCCCTGCGGGA,TGG,TGG,-2779644,2905904,1385547
GATCGGCCCAGAGGGTCCCT,GGG,GGG,-2741891,2880686,1322576
GCCTGGTGAAGGAGTTGCCC,AGG,AGG,-1380101,1506463,1413437
GCCACCAGCCCCCGAGTCCT,CGG,CGG,-1387627,1514042,1398332
GAGGCCAGGCCCACAGACAG,GGG,GGG,-1433021,1571750,1295230
GATGAGAGGAGCCCCTCCTG,TGG,TGG,-1393105,1519380,1387516
GCTGGGCCAGGATGGTGTCT,AGG,AGG,-2745110,2885611,1330720
GGCCTCTCCCCGAGCTCTGG,CGG,CGG,-1413583,1554083,1332335
GGGGAGGGGCTTGGGAAGGT,GGG,GGG,-1418862,1557657,1323482
GCTCCCACAGGTCTGGCTGT,TGG,TGG,-2736714,2875616,1312329
GGAACAGGGGGAGGGCAGGG,AGG,AGG,-2726846,2865578,1292423
GTGTGCCCAGGAACCTGTTT,TGG,TGG,-1436690,1575423,1287888
GGCTGTGGCCACCACCTAAG,GGG,GGG,-1392935,1519210,1387856
GGGTCGCTGACCCTGAGCGT,GGG,GGG,-2790223,2916633,1406855
GAGTGGTGGCGCTGGGACCT,GGG,GGG,-2779068,2905328,1384395
GGAAAGAGCCCCTTAGGTGG,TGG,TGG,-2780761,2907036,1387796
GCTGTCAGCAGGAGTGGGTG,GGG,GGG,-2734189,2873066,1307254
GAGGAGCCCTCCTGCTGTCC,TGG,TGG,-1434915,1573647,1291439
GGCAGGGCTGCTTGCATGCA,GGG,GGG,-2745327,2885827,1331153
GCAGTGCAGGAGGCCGGTGC,AGG,AGG,-2725465,2864197,1289661
GGGGGTCACTCTGGCCTTCA,TGG,TGG,-1385136,1511499,1403366
GCACTCACCAGGCCGGGATG,TGG,TGG,-1414126,1554626,1331249
GTGGCTGAGAAGAGGCCACA,TGG,TGG,-2735318,2874220,1309537
GGGCCCAGGAGGAAGACCCC,TGG,TGG,-1393943,1520203,1385855
GCAGCCAACAGGACACATCC,TGG,TGG,-2784220,2910495,1394714
GGAGTGGGCCGTGCCCCCAA,GGG,GGG,-2780688,2906963,1387650
GAGGATCAGGGCACAAAAAT,GGG,GGG,-1389356,1515631,1395014
GATGGGGGCCCCTGTACAGA,TGG,TGG,-2787695,2914058,1401752
GGCACAGAGGGGCTGGCCCA,TGG,TGG,-1410750,1551227,1338024
GCACCTGGGGAGCACCCTCC,AGG,AGG,-2728574,2867303,1295876
GTGAGGCCTCGGCGGGTGCG,AGG,AGG,-2764701,2900745,1365445
GTCTTGGGCTGACAGGGACA,CGG,CGG,-2732703,2871458,1304160
GGGAGGGGTCACCAGTGCCA,AGG,AGG,-2742080,2880875,1322954
GAGCTGGGAGCATCTGAGGA,TGG,TGG,-2742118,2880913,1323030
GCGCACTGTGTCCTCATTGT,GGG,GGG,-1390627,1516904,1392470
GCGCCTGCCTGAGCACTGGG,AGG,AGG,-2789815,2916205,1406019
GGCCCTGAGGGAGATGAGCA,GGG,GGG,-2730561,2869317,1299877
GGGTGGTGGGCTGGGGAAGC,TGG,TGG,-1428864,1567613,1303524
GAGGTGTGAGTGAGAGGTAG,GGG,GGG,-2738163,2877030,1315192
GCTGTGGTGATGGCCTGGGC,GGG,GGG,-1386750,1513113,1400138
GACGCAGGGGTTTAAGAATG,AGG,AGG,-2746296,2886796,1333091
GAGCAGCCCCTGCACACAGC,AGG,AGG,-1437438,1576203,1286360
GCCACCTCCCCAGAGGGTGC,TGG,TGG,-2730929,2869685,1300613
GGCAGGGAGATCTCGAGGTG,GGG,GGG,-2738483,2877297,1315779
GGGTGGGCTCCATGTGAGTT,GGG,GGG,-1432644,1571373,1295984
GCCCCTGACGGAGGGCTGCT,GGG,GGG,-1398178,1524536,1377287
GTATGAGTGGGGAACAGGAT,TGG,TGG,-2740987,2879801,1320787
GGCAAAGGGCTCTCAGCTGC,AGG,AGG,-1386401,1512764,1400836
GCGCGCCAGCAGCGCGGGCC,AGG,AGG,-1399978,1536024,1363999
GGGACCCTTGGGAGGGAAGC,AGG,AGG,-2745134,2885635,1330768
GAGAGCCAAGAGGCACCCGG,GGG,GGG,-2724813,2863546,1288358
GACTGAGACCTCAAGGAGGC,TGG,TGG,-2746226,2886726,1332951
GGTGAAACATACTAGCAGAG,GGG,GGG,-1433779,1572511,1293711
GGAGCTGAAGCACAACGCCA,AGG,AGG,-2783034,2909311,1392344
GACACCCTAAGGGCTGGGAA,TGG,TGG,-1413707,1554207,1332087
GGGGCAGAGCCCCAAGGACT,TGG,TGG,-1426344,1565252,1308405
GTAGAGGAACTGGCAAGGTG,AGG,AGG,-2764973,2901019,1365991
GCTGGGGGCTGCCTGTGTCC,TGG,TGG,-2735344,2874246,1309589
GTGAAGACAGGACAGAGTGG,AGG,AGG,-2785644,2912064,1397707
GGGGCTTCTGTGCAGGGGGC,GGG,GGG,-1431357,1570103,1298541
GACCCAGGTCCTGTGGGCTC,TGG,TGG,-1379559,1505914,1414528
GGCCACACCTCCTGCTCCCC,TGG,TGG,-1433694,1572426,1293881
GAGATGACCCTGCTTTGACC,AGG,AGG,-2795647,2920952,1416598
GCATTCTTAGCTGGCTGTCA,CGG,CGG,-1436470,1575203,1288328
GAACAGTGTCCAGGAGAGAA,TGG,TGG,-1417986,1556781,1325234
GGGAGCGCCAAGGTCAGCCT,AGG,AGG,-2764778,2900822,1365599
GCCATGCTGCATGATGGGCA,AGG,AGG,-1433620,1572352,1294029
GATTCCGCCTTCCCAGGGAT,GGG,GGG,-2784023,2910298,1394320
GTGAGCCACTGTCCTGTGCT,GGG,GGG,-2785284,2911557,1396840
GGGAGTGGGCCGTGCCCCCA,AGG,AGG,-2780687,2906962,1387648
GGGCATGGGAGTGGGTCCCG,AGG,AGG,-2744594,2885029,1329622
GCTGGGGTGGGTGGCAGGAG,AGG,AGG,-2745175,2885676,1330850
GCCCAGCCCCAGCTGGCTCC,TGG,TGG,-1378637,1503942,1417422
GGCAGGGATGCTGCCCAGCT,TGG,TGG,-1434352,1573084,1292565
GGGGTGAGCGGGAGGCCCTG,CGG,CGG,-2779639,2905899,1385537
GCTGCTCGGGAGCTGACTCA,CGG,CGG,-2784244,2910519,1394762
GTGAGCAGCTCTGACGTCGG,TGG,TGG,-1410530,1551007,1338464
GAAGCCCAGAGGCAGGTGGA,CGG,TGG,-1411993,1552493,1335515
GCACCAGGCAGAGCCCCGCT,TGG,TGG,-1421476,1560291,1318234
GGCCAGGGGACAGAGTGGCT,GGG,GGG,-1430345,1569101,1300555
GGTCCCCCGAGCTTCCTCCA,TGG,TGG,-2740318,2879133,1319450
GTGCATTACAGAGGCTGCTG,GGG,GGG,-2795502,2920819,1416320
GAGTGGAGAGGGGACAGGGC,AGG,AGG,-1434335,1573067,1292599
GAGGGGGAAGCTGTGTCCAC,TGG,TGG,-1389045,1515320,1395636
GTCTGTAGGACCCTGACTCA,AGG,AGG,-2730416,2869172,1299587
GACCCTGCCCCTCACACCCT,GGG,GGG,-2727948,2866678,1294625
GCCCACTCCGTCCTTGAGTC,AGG,AGG,-1430796,1569552,1299653
GGAGGGGTGGATGGAGGCCA,AGG,AGG,-2740485,2879300,1319784
GGTGCTGGGCCTGGGCCTCA,TGG,TGG,-2786597,2913000,1399596
GTTGGGCAGAGGGACTCCTA,GGG,GGG,-1427841,1566596,1305564
GGAGCGGCAGCTGCTGTGGC,TGG,TGG,-2786754,2913144,1399897
GTGGCGCTGGGACCTGGGGG,AGG,AGG,-2779073,2905333,1384405
GGTGTGAAGACAGGACAGAG,TGG,TGG,-2785641,2912061,1397701
GGACCCAGGAGGCCACTCAT,GGG,GGG,-1413401,1553901,1332699
GTCCTGGGGGTCCCCGCCTC,GGG,GGG,-1433084,1571813,1295104
GCGCCGGCGCGCCTGCGAGG,TGG,TGG,-2794000,2920355,1414354
GATGGCCTGGGCGGGGGCGG,GGG,GGG,-1386758,1513121,1400122
GCTGTCTTGAGGGGGGCTTT,TGG,TGG,-1382726,1509114,1408161
GTGGGCGTGCATCAGCAGCG,GGG,GGG,-2777416,2903540,1380955
GGGACTGACCGCGATCCCCC,AGG,AGG,-1421328,1560143,1318530
GATTAGGCCACAGCCTGTCT,AGG,AGG,-2728021,2866752,1294772
GAGCAGGGGCCGAGTGGCCT,TGG,TGG,-2745666,2886166,1331831
GGCCGAGAGCCGCTTGTGGG,AGG,AGG,-2742775,2881570,1324344
GAAGACCCCAACAACCCCTT,GGG,GGG,-1393001,1519276,1387724
GAGTGACCAGGAGCCAGCTG,GGG,GGG,-2796031,2921336,1417366
GCCACGTGTCCAGAAAGCCT,GGG,GGG,-1429043,1567792,1303166
GGCCCCAAGGGCCCTGTGCC,AGG,GGG,-2784712,2910985,1395696
GGGGCTGAGCTGGTGGCACT,CGG,CGG,-1430268,1569024,1300709
GAGCCTGGCCGTCTGCTGCC,CGG,CGG,-2732084,2870833,1302916
GCATCCTGGGACCAGGGCTG,GGG,GGG,-2787726,2914089,1401814
GCCTCCAGCCCACAGGGCAA,GGG,GGG,-1421845,1560660,1317496
GGCGGCAGTAGAGGGCGTGG,GGG,GGG,-1432424,1571151,1296426
GGTGGGGAAGACTGGCCAGG,TGG,TGG,-2790037,2916447,1406483
GGCCCTGCCAGAGTCAGGTC,AGG,AGG,-2795413,2920730,1416142
GGGCTGGGCAGGGGAGACAC,AGG,AGG,-2777859,2903983,1381841
GGACACTGAGGGGTGCAGAG,AGG,AGG,-2725957,2864689,1290645
GGGAGCCTGTGGGGGCTGCT,TGG,CGG,-2776552,2903084,1379635
GTGTTTGGAACAACCCTGGT,GGG,GGG,-2749032,2889508,1338539
GGTGGGCTCAGGCTTCCAGA,AGG,AGG,-2785170,2911443,1396612
GGCCCCCTTGCCCTGTGGGC,TGG,TGG,-2739315,2878130,1317444
GGAGGTGGCGGTGCTGCAGG,TGG,TGG,-2777166,2903288,1380453
GGCCTTTGTTCTGCGTGCTG,TGG,TGG,-2744071,2882868,1326938
GATAGCTCCAACCCGCATGG,CGG,CGG,-2741070,2879884,1320953
GGCCATGGAGGTGGCCCTGA,GGG,GGG,-2730549,2869305,1299853
GTTCATGGGGTGGAGCAAGG,GGG,GGG,-2740662,2879477,1320138
GCCGCCTTCCGAGGACTCGG,GGG,GGG,-2785929,2912344,1398272
GTGTCAGGTCGCTGGGGATG,GGG,GGG,-2736839,2875741,1312579
GATGCGGCTGCCATCCCTGT,GGG,GGG,-1424419,1563321,1312261
GGGATTATCGGGGCACTTCC,AGG,AGG,-1434111,1572843,1293047
GCTGGGCAGTGCTGGCCACC,AGG,AGG,-1389274,1515549,1395178
GAGGGGTCCCAGAGCGGGCT,GGG,GGG,-2737731,2876614,1314344
GGCCACAGGCCCAGGACAGC,AGG,AGG,-2726322,2865054,1291375
GGCAGGGAGGGGCTGAGCGG,GGG,GGG,-1393148,1519423,1387430
GCCCCAGGGCCTGGCTCCTC,GGG,GGG,-1425265,1564167,1310569
GCCAGGCCATGGAGGAAGCT,CGG,CGG,-1420840,1559655,1319506
GCTGTCACTGCCATCTGTAC,AGG,AGG,-1385911,1512274,1401816
GTGCACACCAGCAGGGGAGG,GGG,GGG,-2785334,2911607,1396940
GGGAGGCCAGGCCCACAGAC,AGG,AGG,-1433019,1571748,1295234
GGACCGGACAGATTGCTGGC,AGG,AGG,-1423078,1561960,1314963
GGACACATCCTGGTGCTGCT,CGG,CGG,-2784230,2910505,1394734
GCTGGGAAGGCAGTGGCCAA,AGG,AGG,-2788249,2914612,1402860
GGAGTGAAGGTACTATGGGA,GGG,GGG,-2726868,2865600,1292467
GAAAGCATCACCGGGGGTGC,AGG,AGG,-1417712,1556509,1325780
GGGGCCCAGCCTCAAGACTG,CGG,CGG,-1419448,1558243,1322310
GGCCAGTGGTCAGGGATTAT,CGG,CGG,-1434099,1572831,1293071
GGACCGCCTGCAGGTACAGC,TGG,TGG,-2736814,2875716,1312529
GACCCAGCCCTGCAGGGCGT,GGG,GGG,-2777398,2903522,1380919
GGGCATTTGTGGGGAAAGGC,TGG,TGG,-2783227,2909504,1392730
GGGCCCGTGCTCGCCCACCA,GGG,GGG,-1410458,1550934,1338609
GGTCTCGGGCCAGAGCCCAC,AGG,AGG,-2794056,2920411,1414466
GGCCCTGAGGTACATCGCAT,AGG,AGG,-2724581,2863314,1287894
GACTGAAGGGGACAAGGAGT,GGG,GGG,-2796582,2921878,1418459
GAGGCCCTGGAATGTGTGTT,GGG,GGG,-1433257,1571988,1294756
GGACCTGTTGAGCCACCTCA,GGG,GGG,-1430248,1569004,1300749
GCCTCTCCCCGAGCTCTGGC,GGG,GGG,-1413584,1554084,1332333
GAGGTGGGGGTGAGAAGTGG,AGG,AGG,-2738295,2877109,1315403
GGGGGCCAGGTCTCTGTGCT,GGG,GGG,-1420442,1559256,1320303
GGAGCAAGGGAAGCCAGGAA,GGG,GGG,-2764085,2900129,1364213
GTGTGAGCAGCCTGTGGTGC,TGG,TGG,-2776504,2903036,1379539
GATGCTGGACACATAGCCCC,GGG,GGG,-1391364,1517640,1390997
GACATCCCAGCACCCAGGGC,AGG,AGG,-1410877,1551354,1337770
GAAGGAGGTCTGGGGAGCTT,AGG,AGG,-2733212,2871967,1305178
GAAGAGGCCACATGGGCTGC,TGG,TGG,-2735326,2874228,1309553
GCCTGTGTTTGGAACAACCC,TGG,TGG,-2749028,2889504,1338531
GCTCGGCCTGCAGATCAGAC,AGG,AGG,-2739507,2878322,1317828
GCGGGCAGCTGGGAAGGCAG,TGG,TGG,-2788242,2914605,1402846
GAGCCTTGGTCTGTGCACCT,GGG,GGG,-1434964,1573696,1291341
GCCGGCGTGGACTCCAGGGA,GGG,GGG,-1395904,1522028,1382069
GCAGGTGCAGAACAGCTGAT,GGG,GGG,-1391686,1517962,1390353
GCACATCCCAACCTGCACTG,GGG,GGG,-1385578,1511941,1402482
GTGCACTGGAGCAGGGGTTC,AGG,AGG,-1437679,1576444,1285878
GCAAGGGGCTTCTGTGCAGG,GGG,GGG,-1431353,1570099,1298549
GGGAACCCCCTGCGGGCAGC,TGG,TGG,-2788231,2914594,1402824
GCCAGGCTGCGCCCACGCTC,AGG,AGG,-2741707,2880502,1322208
GTTGCTGGAAATGGAATTGC,TGG,TGG,-2782479,2908757,1391235
GCCAGCTGCATCCTCATGCC,TGG,TGG,-2740157,2878972,1319128
GGCGGGAGTGCGGAGGATGG,TGG,TGG,-2764810,2900854,1365663
GCACTGCTCAGATACTGGGG,TGG,TGG,-1387890,1514310,1397801
GCTGTTGGCCCGAATCCCAT,GGG,GGG,-2764757,2900801,1365557
GAGCCTCTGGTGGTGGCCAG,GGG,GGG,-2727537,2866269,1293805
GTCCTGGCTCAGCCACCTGC,TGG,TGG,-1434015,1572747,1293239
GCCCCTAAGCAGCCCCCCTA,GGG,GGG,-1424384,1563286,1312331
GGGGCTGGGGGAAGCAGCCA,TGG,TGG,-1418664,1557459,1323878
GGTCCCAGTCTCCAGGCAGG,GGG,GGG,-2787764,2914127,1401890
GTCTAGGAGGGACCCTTGGG,AGG,AGG,-2745126,2885627,1330752
GCACGCCTATCTCTCCAGGC,AGG,GGG,-1428447,1567202,1304352
GCAGAGGGGTGGGGTGTGTA,GGG,GGG,-2748790,2889267,1338056
GAGGCTGTGCACACCAGCAG,GGG,GGG,-2785328,2911601,1396928
GGCCAGGTCTGCGCAGGGCC,TGG,TGG,-1386275,1512638,1401088
GGAGCTGAGTTGGTGCAGGG,AGG,AGG,-1417368,1556165,1326468
GGGCTGGGTCCTGAGTGCAG,GGG,GGG,-1421873,1560688,1317440
GGGCTCTGGAGGAAGTGGGT,GGG,GGG,-1437359,1576124,1286518
GGTGCCATTTCCCATGTTTG,GGG,GGG,-1418812,1557607,1323582
GCAGGGCTGCAGAGAGGGCA,GGG,GGG,-1406207,1537734,1356060
GCCGAGGAGAGGCCTGGGTG,TGG,TGG,-1384362,1510761,1404878
GGGAACAAGACACCTGATTT,TGG,TGG,-1420468,1559282,1320251
GGGCTGTTCCCACAGTGACG,TGG,TGG,-2747313,2887813,1335125
GGGGCTTCCTAGGAACTGAC,TGG,TGG,-1429115,1567864,1303022
GCCACAAGGGATCCAGTCCA,GGG,GGG,-1427489,1566366,1306146
GGGCAGTGCACTGGCTGCGT,TGG,TGG,-2780013,2906283,1386295
GGCCTGTGAAGGTTGGGCAG,GGG,GGG,-1423553,1562438,1314010
GCTTCAGCCAGGCCAGAGAA,TGG,TGG,-1425190,1564092,1310719
GCCGTGGCAGAACCGTGACC,TGG,TGG,-1433986,1572718,1293297
GCCTGCCTGCCTCCGTGTCC,TGG,TGG,-1433068,1571797,1295136
GTTCAAAGCTGGGCGTTTGA,GGG,GGG,-1399552,1535596,1364853
GGGCCAAGCGGGGCTCTGCC,TGG,TGG,-2739685,2878500,1318184
GGGACCCAGAGGGGAGATTT,GGG,GGG,-1410898,1551375,1337728
GTGGGGAAGACTGGCCAGGT,GGG,GGG,-2790038,2916448,1406485
GTGAACACGCCTTCCACAGA,GGG,GGG,-2748437,2888914,1337350
GATGGTTGCCCGAGCCCCAG,TGG,TGG,-1419680,1558475,1321846
GGAGAAGGCAGGAGGCAGGT,GGG,GGG,-1413661,1554161,1332179
GGCTGGGGCTGGGCTGGGCA,GGG,GGG,-2777849,2903973,1381821
GGGACATGGATGACTCCAGC,TGG,TGG,-1417277,1556074,1326650
GTGAGCACTTTCTTGCTTTC,TGG,TGG,-1382277,1508666,1409058
GGAGCCAGGCCCTGGGGCAC,AGG,AGG,-2735817,2874719,1310535
GCAGGGATGCTGCCCAGCTT,GGG,GGG,-1434353,1573085,1292563
GACTTGGGGAAGCTGGAACA,TGG,TGG,-2746264,2886764,1333027
GCCCCGGCCAAGGAGACAGG,AGG,AGG,-2764931,2900977,1365907
GTCCTGCCAGCAACCTGCAG,GGG,GGG,-1411705,1552210,1336086
GGGAGGAACAGCCCTGCTGG,AGG,AGG,-1418190,1556985,1324826
GTGTTATGGAGCTGTCTTGA,GGG,GGG,-1382716,1509104,1408181
GATGAAGGGTGACAGGCAGC,TGG,TGG,-2788182,2914545,1402726
GAGGGAGGCCAGGGGCACCG,AGG,AGG,-1411829,1552329,1335843
GCCTCCAGGACTGCCCACAG,AGG,AGG,-1426157,1565055,1308789
GCTTGTTCCTTGAATGAATC,AGG,AGG,-2735916,2874818,1310733
GAAGCCACAGGGCCAGGCTT,GGG,GGG,-2784188,2910463,1394650
GCACCATGGGCCAGTGGTCA,GGG,GGG,-1434091,1572823,1293087
GGGCACATCCCAACCTGCAC,TGG,TGG,-1385576,1511939,1402486
GTGCAGGGGGTTTCCTCTAT,GGG,GGG,-2739707,2878522,1318228
GGAATTCTGACCCCAGACCC,TGG,TGG,-2742412,2881207,1323618
GAAACAGCACCAGAGGCCAA,TGG,TGG,-2777514,2903638,1381151
GCAAAGGCCCTGCCAGAGTC,AGG,AGG,-2795408,2920725,1416132
GGGCCAGGGCTGCAGCCAAC,AGG,AGG,-2784209,2910484,1394692
GAGCCAGCTGGGGCTGGGCT,TGG,TGG,-2796041,2921346,1417386
GCAGGGCGCTGCGCTAAGAA,GGG,GGG,-2778694,2904952,1383645
GCCAGAAAACCATGATGTTT,GGG,GGG,-2743518,2882315,1325832
GGGTAAGTGGTTCTAGACTA,TGG,TGG,-2784849,2911122,1395970
GCTGTCCTTTCGGAGTTGGA,TGG,TGG,-1389149,1515424,1395428
GGTCAGAGGCATTTGGAGAT,GGG,GGG,-1427678,1566432,1305891
GCGGCCAGGGAGGACACAGT,GGG,GGG,-1395743,1521867,1382391
GGGTCAGAGGCATTTGGAGA,TGG,TGG,-1427677,1566431,1305893
GCAGCAGTTAGCAGCAGCTG,GGG,GGG,-1417428,1556225,1326348
GCTGATGAGCTGAGCCGACC,AGG,AGG,-2744354,2884741,1329094
GCCATAACCGGGGCCCTGGT,AGG,AGG,-1385754,1512117,1402130
GGGAGCACCAGGGCTCTGGG,AGG,AGG,-1430595,1569351,1300055
GACTCAGCCAGTCCTGCCGG,TGG,TGG,-1425287,1564189,1310525
GCGGCTCTCGGCCCAGCCTC,AGG,AGG,-1418419,1557214,1324368
GGAGGGAGTGAAGGTACTAT,GGG,GGG,-2726864,2865596,1292459
GCTCTCCTGTGGGCACCACC,TGG,TGG,-1383915,1510305,1405781
GGGCGCTAACAAAGACAAGA,AGG,AGG,-1423736,1562621,1313644
GGGACTGAGGGCAGGGACAC,TGG,TGG,-1378543,1503848,1417610
GGTATCACATAAGGGCTTTG,TGG,TGG,-1436532,1575265,1288204
GGAGGAAGACCCCTGGCTAC,AGG,AGG,-1393950,1520210,1385841
GCCAGCACCCTCTGGGGAGG,TGG,TGG,-1430293,1569049,1300659
GGCACAGTGCCTCCCACAAG,CGG,CGG,-1418400,1557195,1324406
GGGTCAGAATTCCCCCGCTG,GGG,GGG,-1418782,1557577,1323642
GAGCTGAGTTGGTGCAGGGA,GGG,GGG,-1417369,1556166,1326466
GGACATACCGTCACCCTCTG,TGG,TGG,-2782407,2908685,1391091
GAAGCACCAGGAAGCCCAGC,AGG,AGG,-1383804,1510194,1406003
GGCCACTCCAGGCCAATGCA,AGG,AGG,-2732910,2871666,1304575
GGCCTGAGGAGGAGCCCTGC,GGG,GGG,-1386123,1512486,1401392
GGGTGTCAGGTCGCTGGGGA,TGG,TGG,-2736837,2875739,1312575
GACTCTGGCAGGGCCTTTGC,AGG,AGG,-1379257,1504574,1416170
GGTCAAAGGCCTGTTCCTCC,AGG,AGG,-1422729,1561543,1315729
GAGCGGCAGCCAGAGGCATG,TGG,TGG,-1430492,1569248,1300261
GACCAGATCAGCTTCCCGCT,GGG,GGG,-2786542,2912945,1399486
GGAGTCCCTGAGGCTGGGGC,TGG,TGG,-2777838,2903962,1381799
GTCAATGCCACAATAAATGT,TGG,TGG,-2792076,2918470,1410545
GCACTTTGGGAGGCCAAGAA,GGG,GGG,-1390103,1516373,1393525
GCCAGGTGGGTGGCTCTAGA,AGG,AGG,-1427075,1565952,1306974
GCTGAGCTGAAGGGGTGTGG,GGG,GGG,-1383951,1510341,1405709
GGCTCTGCCTCTGAGAGCCA,TGG,TGG,-2734759,2873667,1308425
GCAGGTGTCAGGAGGGAGAG,GGG,GGG,-2745230,2885731,1330960
GCTGGGCCCTTAGTGGACTG,GGG,GGG,-1394261,1520521,1385219
GGACATTGAGAGGCTTGGCT,GGG,GGG,-1432521,1571249,1296231
GCAGGAGGGCCGTACTGCTC,GGG,GGG,-2782548,2908826,1391373
GCAGCGAGAACTAGAGGTAC,TGG,TGG,-1383867,1510257,1405877
GTTGAAGTGGGGAGGTGACT,GGG,GGG,-2778046,2904170,1382215
GACCCTTGGGAGGGAAGCAG,GGG,GGG,-2745136,2885637,1330772
GGGTGGGCAGTGCCCATGGC,TGG,TGG,-2788756,2915120,1403875
GGTTGAAAATCCTGGTCTCC,AGG,AGG,-2792462,2918856,1411317
GGCTGGGCCCTTAGTGGACT,GGG,GGG,-1394260,1520520,1385221
GGGAGTTTCTGCTAAGAAGG,TGG,TGG,-2793049,2919411,1412459
GCTGGGCCGAGAGCCGCTTG,TGG,TGG,-2742771,2881566,1324336
GGGGTGGGGGTGCAGCTGGG,TGG,TGG,-2746113,2886613,1332725
GGGCCAGAGCCCACAGGACC,TGG,TGG,-2794062,2920417,1414478
GAAGTGGAGGTGGGCAGTCA,TGG,TGG,-2738308,2877122,1315429
GGGAAAGGAGCAGGAGGAGC,CGG,GGG,-2790202,2916612,1406813
GGGGATCCTGCAATGGCTCA,GGG,GGG,-1377004,1502558,1420439
GGTGATGCGTGAGCAGCAGG,CGG,CGG,-2785472,2911892,1397363
GCCTTGTTCCTGGGGGATCG,CGG,CGG,-2739828,2878643,1318470
GGCCCTTGCCACAGTGCTAG,TGG,TGG,-2727599,2866331,1293929
GGGGGCGTTGGCGGCAGTAG,AGG,AGG,-1432415,1571142,1296444
GTAAGCTCCCCTAGAGGTTT,GGG,GGG,-2747107,2887607,1334713
GCCAATCCTGCCAGGGACTG,AGG,AGG,-1378871,1504179,1416951
GTGAGGGGGTGGGCACCGTG,GGG,GGG,-2777221,2903343,1380563
GAGTCAAGACTTGGGGAAGC,TGG,TGG,-2746257,2886757,1333013
GTCCCCAGCACCCTTCCAGA,AGG,AGG,-2740257,2879072,1319328
GAGTTCATGGGGTGGAGCAA,GGG,GGG,-2740660,2879475,1320134
GGTCACACAGAGCTTGGGCC,TGG,TGG,-2787946,2914309,1402254
GACCCTAGCACCCACAGGTG,GGG,GGG,-2778522,2904780,1383301
GTGGCCTGTGAAGGTTGGGC,AGG,AGG,-1423551,1562436,1314014
GGGCCAGCATGGGGCTGTGC,AGG,AGG,-1398199,1524557,1377245
GGCCCAGGGCCCCCTGTCCA,AGG,AGG,-1418963,1557758,1323280
GGCAGGCAGAGGTGGGGCCC,AGG,AGG,-2728198,2866927,1295124
GTTCCACAGACCCCCAGGTG,AGG,AGG,-2726825,2865557,1292381
GGCTGGGCCTGCAGGGACAG,AGG,AGG,-1414060,1554560,1331381
GACCCCTGTGAGGAGAGCAC,TGG,TGG,-2747940,2888445,1336384
GGGAGACTGAGACCTCAAGG,AGG,AGG,-2746222,2886722,1332943
GGAGATAAAAAGTATGAGTG,GGG,GGG,-2740976,2879790,1320765
GGGCAGCCAGCAGTGGCACC,CGG,CGG,-2785354,2911627,1396980
GTGCAGCTCACCCCAAATCC,CGG,CGG,-2741138,2879952,1321089
GGACCCGCTGCCCCTGACGG,AGG,AGG,-1398169,1524527,1377305
GTCAGGAGCCTGCTGTGGGC,TGG,TGG,-2776713,2903245,1379957
GTTCCAAAGATGGGACCCTC,CGG,CGG,-2743243,2882038,1325280
GCAGGGGGTTCCCCCTGCTG,AGG,AGG,-1385395,1511758,1402848
GATGTCACCAGGGCTAATTT,GGG,GGG,-1421425,1560240,1318336
GACTTTAGCATGGTGTAGCA,AGG,AGG,-2779563,2905823,1385385
GGTCGGGCATTTGTGGGGAA,AGG,AGG,-2783223,2909500,1392722
GGTGCATGTGTGCAGGGCCT,GGG,GGG,-2735603,2874505,1310107
GGGCTGGGGGCTGGAGAGCA,TGG,TGG,-1385985,1512348,1401668
GCTCAGGCCACTGCCGTGGA,GGG,GGG,-2795899,2921204,1417102
GCCATTCCCAGCCACACAGA,AGG,AGG,-2730835,2869591,1300425
GGCCCAGGGCCTGTGGAGGG,TGG,TGG,-1418643,1557438,1323920
GGGGCCGAGCACAGGCAGCC,AGG,AGG,-1395698,1521822,1382481
GGTGACACCTTGGGTTAGTG,TGG,TGG,-2797135,2922687,1419821
GGCTCTGCCCACAGGGTCCC,TGG,TGG,-1429164,1567913,1302924
GGACTTGGAGAATGAGTGCA,AGG,AGG,-1412586,1553086,1334329
GCCTGTGGGACGCTGGACCC,AGG,GGG,-1388579,1514852,1396570
GAATATTCCATCTCTCCTCT,TGG,TGG,-1424949,1563851,1311201
GTCTCCTACACAGCTGCAGA,AGG,GGG,-1381322,1507716,1410963
GCTCAGGCTTCCAGAAGGCC,TGG,TGG,-2785175,2911448,1396622
GGTGTCTCAGGAGAGGTTCC,GGG,GGG,-2745789,2886289,1332077
GCCCCACCTCACCTTCTGTG,TGG,TGG,-1430377,1569133,1300491
GATGCCTTGGGCACAGCCCA,GGG,GGG,-1427144,1566021,1306836
GCTGGGGGTGTCAGGTCGCT,GGG,GGG,-2736832,2875734,1312565
GGACAGGGAGCTGTGCAGGG,TGG,TGG,-2734781,2873689,1308469
GGCAGCTGAAGCAGTGGGGC,TGG,TGG,-1433800,1572532,1293669
GAGTGACAGGCAGGCTGTGA,GGG,GGG,-1434710,1573442,1291849
GTGCCCAGGGTCTGGCCTGT,TGG,TGG,-2727817,2866549,1294365
GCACCCACGGGGCGCCCAGT,GGG,GGG,-1436809,1575539,1287653
GTGAGGACCTCCCAGAGCCC,TGG,TGG,-2730621,2869377,1299997
GGGGAGTGCCCACATCTAAG,GGG,GGG,-2765016,2901062,1366077
GGGCAGGGCGCCAAGAAACC,AGG,AGG,-2781718,2907994,1389711
GCCTGGGAGCCTCTTCTGCA,TGG,TGG,-2787963,2914326,1402288
GCTGGGGCCCTGGAAGGTGG,GGG,GGG,-1434611,1573343,1292047
GGCGGAATCTGGGAGGGGAG,GGG,GGG,-1389695,1515970,1394336
GTTTCACCGTTGTGAGCATC,TGG,TGG,-1422233,1561047,1316721
GGCACTTCCAGGCTGAGGCT,GGG,GGG,-1434122,1572854,1293025
GCCAAAAGTCACAGGGAGCC,TGG,TGG,-1392229,1518505,1389267
GGGCAGTGCCCATGGCTGGC,TGG,TGG,-2788760,2915124,1403883
GGAAGTGCCTGTTCTCACCT,AGG,AGG,-1412946,1553446,1333609
GAGGCTTGGCTGGGGGAATC,AGG,AGG,-1432530,1571258,1296213
GGTCACAGAGGTGGGGGCCT,TGG,TGG,-1386543,1512906,1400552
GCATCAGGGGGCCTGGTGCT,GGG,GGG,-2745158,2885659,1330816
GTATTGCTCATGGGGTCTGG,TGG,TGG,-2797881,2923432,1421312
GGATGGCAGCCGCATCAGGC,TGG,TGG,-2736665,2875567,1312231
GCACCAGAGGCCAATGGGTG,GGG,GGG,-2777520,2903644,1381163
GCAAGATAGTAGGGACAGAC,AGG,AGG,-1389084,1515359,1395558
GGCGCTCTTCTCTGCATCTT,GGG,GGG,-1421263,1560078,1318660
GGAACCTCTGACGCAAGCGC,AGG,AGG,-1397065,1523597,1379339
GACAATCCAGGAAGGCTCCC,AGG,AGG,-2724203,2862933,1287135
GCAGAGCAGCCAGGCCAAAG,GGG,GGG,-2789910,2916300,1406209
GCACTGCGCCCCGAGGCTCT,GGG,GGG,-1394218,1520478,1385305
GCCATGGTGGGAGCAGAGCC,CGG,TGG,-2735283,2874185,1309467
GAGGGATGAAAGCATCACCG,GGG,GGG,-1417705,1556502,1325794
GAACAGGGGGAGGGCAGGGA,GGG,GGG,-2726847,2865579,1292425
GGAGCAGCCTCATCGACAGC,AGG,AGG,-2778598,2904856,1383453
GAGGGAAGCAGGGGCATCAG,GGG,GGG,-2745145,2885646,1330790
GGAGGCAGGCAGGCAGAGGT,GGG,GGG,-2728191,2866920,1295110
GGGAGGAGCAGGCTTAGGTC,AGG,AGG,-1376954,1502508,1420539
GTCCCTGTAGGGCACAGTGG,GGG,GGG,-1391106,1517384,1391511
GCTTCCAGAAGGCCTGGAGA,GGG,GGG,-2785181,2911454,1396634
GCCCTGTCTGCCTGTAGCCA,GGG,GGG,-2779759,2906019,1385777
GCATCTTGGCTGGGCCAGGA,TGG,TGG,-2745102,2885603,1330704
GGAGAGGCCTGGGTGTGGTG,AGG,AGG,-1384367,1510766,1404868
GGGGTCCAGCCTCTCAGGCA,GGG,GGG,-1388948,1515221,1395832
GAAGCCAGCACAGGAGACAA,GGG,GGG,-2795471,2920788,1416258
GGCAGGTGTCAGGAGGGAGA,GGG,GGG,-2745229,2885730,1330958
GTGGTCCTGGCTGAGCCACA,AGG,AGG,-1425442,1564344,1310215
GACAGGGGTCCGGGCCAGGG,AGG,AGG,-2740467,2879282,1319748
GATTCGGGCAGATGCCCGTG,TGG,TGG,-1428927,1567676,1303398
GCCCAGACTTCTGCTGCCTG,TGG,TGG,-2788289,2914652,1402940
GCAGGAGTTGCCCACTCCAG,AGG,AGG,-2742721,2881516,1324236
GGCCCATGGCTTTCTTGAAA,CGG,CGG,-1410764,1551241,1337996
GCTCCTTAGACACTCTTGGC,TGG,TGG,-1392823,1519098,1388080
GAGCCCCCGACCCAGAGCCT,CGG,CGG,-2779491,2905751,1385241
GGGAATGGGAGCTACTTGGT,GGG,GGG,-1413722,1554222,1332057
GAGCCCCTCGCCTGGCTGGA,TGG,TGG,-1425828,1564730,1309443
GCAGGCCTTATTGCCTGCAA,GGG,GGG,-2735001,2873899,1308899
GAATGAGACTCATCTGCCTG,TGG,TGG,-2779316,2905576,1384891
GTGGCCCGGAACCTCTCACC,GGG,GGG,-1434942,1573674,1291385
GGAGTCACAGGTTGGAGGGA,AGG,AGG,-1420598,1559413,1319990
GGCAGTTGTCTGAAGACCCC,GGG,GGG,-1430950,1569697,1299354
GACATGGTGGCCTCATTCAG,AGG,AGG,-2743932,2882729,1326660
GCAGGGGGCACGGAAGGGCT,TGG,TGG,-2795541,2920858,1416398
GTCACACAGAGCTTGGGCCT,GGG,GGG,-2787947,2914310,1402256
GCTCTCGGGTTCATGTCCTG,GGG,GGG,-2785376,2911649,1397024
GACAGCAAGTCCCAGATGAA,GGG,GGG,-2788168,2914531,1402698
GCAGAGCTGGAACTCAGGTG,GGG,GGG,-2742021,2880816,1322836
GCAGGCGGCGGAGGGGATGG,CGG,CGG,-2729769,2868449,1298217
GCTGGGTGGTCGGGCATTTG,TGG,TGG,-2783216,2909493,1392708
GGACGGCGATGTGGAGGCTT,TGG,TGG,-2764995,2901041,1366035
GCTGGTGGTGCTGCAATAGG,AGG,AGG,-2765060,2901106,1366165
GCCCCTCTGTGCCCTGGTGT,TGG,TGG,-2748762,2889239,1338000
GGAGGCTCCGGTTCATGCCC,AGG,AGG,-2735421,2874323,1309743
GTTGAAATTCTTTGGAATGT,TGG,TGG,-1436508,1575241,1288252
GACACAGCAGCTGTGGGGAT,GGG,GGG,-2785970,2912385,1398354
GTATTCGGATGGCTCCTGAA,AGG,AGG,-2783722,2909992,1393713
GGGCCCTCTGCCTGGTGTGG,AGG,AGG,-2730699,2869455,1300153
GGGTGAAACATACTAGCAGA,GGG,GGG,-1433778,1572510,1293713
GACATCTGGAGCTCACCTCT,GGG,GGG,-2739756,2878571,1318326
GGGCCCCCATCCAAGCCCCA,GGG,GGG,-1385933,1512296,1401772
GGCCGGGATGAAAGGGGCCT,GGG,GGG,-1385116,1511479,1403406
GGGGATGAAAGCTCAGACTC,TGG,TGG,-1418284,1557079,1324638
GCCTGTTTCTTACTGAAAAA,TGG,TGG,-1431314,1570060,1298627
GAAGTGGAGGGTGAGAATTG,GGG,GGG,-2738349,2877163,1315511
GCACAGCCCACCCCTTCAGG,AGG,AGG,-1430324,1569080,1300597
GATGGTGAGTGAGTAGAGTC,TGG,TGG,-1436010,1574743,1289248
GTTATGGAGCTGTCTTGAGG,GGG,GGG,-1382718,1509106,1408177
GCCCTCACTAACCCTGTGCC,AGG,AGG,-2726171,2864903,1291073
GCTGCCATCCCTGTGGGTGA,GGG,GGG,-1424425,1563327,1312249
GGGCATCTGCACAGCTGCAG,AGG,AGG,-2725989,2864721,1290709
GTTAGCTGGGTTGGGTGTGT,GGG,GGG,-2744557,2884992,1329548
GCGTGGGGCCTCTGCCTACC,AGG,AGG,-2790239,2916649,1406887
GGAGGGGCTTGAGGAAGGGA,TGG,TGG,-2786056,2912471,1398526
GTCCCGAGGAGCCAGGCCCT,GGG,GGG,-2735810,2874712,1310521
GGGAAGGCTGTAGGCACAGC,GGG,TGG,-1382798,1509186,1408017
GTGATGGCCTGGGCGGGGGC,GGG,GGG,-1386756,1513119,1400126
GGGGCCAGCAAAGGGGTGAG,CGG,CGG,-2779627,2905887,1385513
GGACATCAGCAGGGCAGCCT,GGG,GGG,-2728548,2867277,1295824
GCCTTGGGAGAGGCAACAGC,AGG,AGG,-2745682,2886182,1331863
GGCTGTTGGAGGGCAGGGAG,AGG,AGG,-2736728,2875630,1312357
GGGAGAAGGCAGGAGGCAGG,TGG,TGG,-1413660,1554160,1332181
GTTGCACCAAGGGTTGGAGA,AGG,AGG,-1378313,1503609,1418079
GGTCGCTGACCCTGAGCGTG,GGG,GGG,-2790224,2916634,1406857
GTGCCATTTCCCATGTTTGG,GGG,GGG,-1418813,1557608,1323580
GAATCCCATGGGGAGCGCCA,AGG,AGG,-2764768,2900812,1365579
GGAGAGACAGCACTGTGGCT,GGG,GGG,-2747604,2888104,1335707
GACAGGGGGCCCTGGGCCTT,GGG,GGG,-2742226,2881021,1323246
GTGAAGTGGCCAGGCCATGG,AGG,AGG,-1420832,1559647,1319522
GATGGTGCTCCTTTCCCGCA,GGG,GGG,-1436588,1575321,1288092
GGGCAGGTGTCAGGAGGGAG,AGG,AGG,-2745228,2885729,1330956
GTGGCACTCTCAGCCCTCCC,TGG,TGG,-2777938,2904062,1381999
GCATGATCCTCTCAGGGGAC,AGG,AGG,-1428617,1567372,1304012
GGTCTGGTGGGGCCGGGGTG,AGG,AGG,-2736757,2875659,1312415
GTGTGAACTGAAAAGCAAAC,AGG,AGG,-1391719,1517995,1390287
GTGACTCAGACCAAGTCCTT,GGG,GGG,-2734717,2873625,1308341
GCTGGAGACCCAGCCCTGCA,GGG,GGG,-2777392,2903516,1380907
GCCGTACTGCTCGGGCTTCC,TGG,TGG,-2782556,2908834,1391389
GTCTGGGAAGAGAGGTGGTT,TGG,TGG,-1417892,1556689,1325420
GACTCATCTGCCTGTGGGAG,GGG,GGG,-2779322,2905582,1384903
GGGGCAGAGCTGAAGCCTGC,AGG,AGG,-1388927,1515200,1395874
GCCCCCAGCAGACAGGCAAC,AGG,AGG,-1422593,1561407,1316001
GGACACAGGGTGGCATGGGG,AGG,AGG,-2781163,2907438,1388600
GGGCAGGTCACTTGAGCCCA,GGG,GGG,-1395527,1521652,1382822
GGATGGGGTGAGGGGCCAGC,TGG,TGG,-2726987,2865719,1292705
GGGTCCTACAGACTGACACC,AGG,AGG,-1430817,1569573,1299611
GGGGTGAAGTGGAAGGATTG,AGG,AGG,-1384766,1511130,1404105
GACGGCCCAGGGCTGGAAGC,CGG,CGG,-1420008,1558822,1321171
GTCAGGCCAAGGCTGAGGCT,GGG,GGG,-1436930,1575660,1287411
GTCCGGGTGCTGATGCAGGA,AGG,AGG,-2796345,2921641,1417985
GCTGGCATCTTGGCTGGGCC,AGG,AGG,-2745098,2885599,1330696
GGAAATACCAGTTCTGACCT,GGG,GGG,-1391917,1518193,1389891
GTGGGTGCCAGCTGAGGACA,TGG,TGG,-2725390,2864122,1289511
GACCTGGCCACCCAGGGTGC,TGG,TGG,-2787355,2913718,1401072
GGCTGGTGAAATGAGCTGGA,GGG,GGG,-2783244,2909521,1392764
GGTCTCAGTCTCCCTGTTCC,AGG,AGG,-1413266,1553766,1332969
GCTGCCCAGCCTTGGGGAAT,GGG,GGG,-2724049,2862813,1286861
GAGGAAACCGAGGCTCTAAG,GGG,GGG,-2740798,2879612,1320409
GGACCAGTGAAGGAGAGTGG,AGG,AGG,-2744497,2884931,1329427
GGTGGACCAGGCTCCAGTCT,CGG,CGG,-2731225,2869980,1301204
GGCCCCATCCTGCTGTCACT,TGG,TGG,-2781445,2907721,1389165
GGCTGGCCCTTGGTGGTCCC,AGG,AGG,-1437410,1576175,1286416
GGTGCGGGGTTTGTGTGGCA,GGG,GGG,-2724458,2863188,1287645
GGTGCCAGCTGAGGACATGG,TGG,TGG,-2725393,2864125,1289517
GTCCCGAACTTCTAGCCTCA,AGG,AGG,-1424109,1562999,1312893
GCTTAGAGCCCATTCTCTCC,TGG,TGG,-2743189,2881984,1325172
GGGACCCACGGCCCATTCTC,TGG,TGG,-2735875,2874777,1310651
GGGTTGTGGACCGCCCTCCA,CGG,CGG,-1378762,1504067,1417172
GCAGGACAGGGGTCCGGGCC,AGG,AGG,-2740463,2879278,1319740
GGCCAGACTTGGGCATGTGG,TGG,TGG,-1406945,1548104,1344952
GCCGGGATGAAAGGGGCCTG,GGG,GGG,-1385117,1511480,1403404
GGCAGATGATTGATAGAACT,GGG,GGG,-1421356,1560171,1318474
GGCCTGTGGGTTCCAGCTCT,AGG,AGG,-1418305,1557100,1324596
GCCACTCTGAGAACACTGTT,GGG,GGG,-2764346,2900390,1364735
GTGGGTTGTCCCTTCTGGAA,GGG,GGG,-1420897,1559712,1319392
GATGCTCACAACGGTGAAAC,TGG,TGG,-2738935,2877749,1316683
GAGAGGGATGAAAGCATCAC,CGG,CGG,-1417703,1556500,1325798
GCTCACTCCACCTGGCATCT,GGG,GGG,-1388439,1514712,1396850
GCCTGCAGATCAGACAGGCC,AGG,GGG,-2739512,2878327,1317838
GGTGTGAGCTCTTGCAGACA,TGG,TGG,-1417458,1556255,1326288
GTAGTGTCGCTCCTGCTGCC,GGG,GGG,-2793561,2919923,1413483
GGCGCTAACAAAGACAAGAA,GGG,GGG,-1423737,1562622,1313642
GCCACACAGAAGGTGAGGTG,GGG,GGG,-2730845,2869601,1300445
GTCCCCTGAGAGGATCATGC,AGG,AGG,-2732610,2871365,1303974
GGGCTCCAGCTGTCCTGTCT,GGG,GGG,-1393519,1519781,1386701
GTAAGAACAGGATCCATGTC,TGG,TGG,-1396383,1522507,1381111
GTGTTAGTCAGAGGGCTTTC,TGG,TGG,-1412516,1553016,1334469
GAGCAGAAGAGGGCCCTGTG,GGG,TGG,-2788716,2915080,1403795
GAGCTGGAGACCCAGGACAC,AGG,AGG,-1425722,1564624,1309655
GGATGGTGATGTGTCTAGTC,AGG,AGG,-1389166,1515441,1395394
GGGGAGCTGGGACCCATTTA,GGG,GGG,-1413628,1554128,1332245
GAGGGGAGGAACAGCCCTGC,TGG,TGG,-1418187,1556982,1324832
GCTGCCCTGCCTGAGAGGGT,GGG,GGG,-2777757,2903881,1381637
GGAGGAGCCAGGGACCCTGT,GGG,GGG,-2732059,2870808,1302866
GGGAGAGGCAGTTGGAACTC,AGG,AGG,-2743552,2882349,1325900
GCTGGTCCCTTGGCCACCGT,GGG,GGG,-1419872,1558668,1321461
GATGGGGTTGGCTGCAGCTG,TGG,TGG,-1386734,1513097,1400170
GGTCTGGTGCAGACCTGAGT,TGG,TGG,-2746318,2886818,1333135
GTGGTTCAGTTTGTTTCTTT,AGG,AGG,-1378231,1503527,1418243
GGCCACTCTGAGAACACTGT,TGG,TGG,-2764345,2900389,1364733
GGTCAACCTTGGCCTTGGAT,TGG,TGG,-1381274,1507668,1411059
GCAGCAGCCCACAGAGGGCG,AGG,AGG,-2785998,2912413,1398410
GGGATGTGCCCGGTGGAGTA,AGG,AGG,-2788052,2914415,1402466
GGCGGCCCAAGCCAGTGGCT,GGG,GGG,-2745208,2885709,1330916
GCCACCTTGGGCCAGTGAAA,CGG,CGG,-1412279,1552779,1334943
GTGGCTTGTGTGATAGCTGC,AGG,AGG,-1385727,1512090,1402184
GTTTAAAAATTTAAAACCAG,TGG,TGG,-1395456,1521582,1382963
GGACATTGGGAGTCAAGACT,TGG,TGG,-2746248,2886748,1332995
GACCACCTCAGGCAAAGGCA,TGG,TGG,-2790181,2916591,1406771
GGTAGACAGCGTGGTGGATA,TGG,TGG,-1410825,1551302,1337874
GATGTTTGGGGTCAAACAGC,TGG,TGG,-2743531,2882328,1325858
GCAGGAGGCCGGTGCAGGTT,TGG,TGG,-2725470,2864202,1289671
GCCACTGTGCTGCAGCCCCA,AGG,AGG,-2743866,2882663,1326528
GGTGGCAGGAGAGGCCTGGA,GGG,GGG,-2745184,2885685,1330868
GTGCACACAAGGATGTCTTA,AGG,AGG,-2764888,2900934,1365821
GTGAGAATTGGGGTGGGAGT,TGG,TGG,-2738359,2877173,1315531
GATGCTGCCCCTCACCCACA,GGG,GGG,-2736644,2875546,1312189
GGCTGGGAATGGGAGCTACT,TGG,TGG,-1413718,1554218,1332065
GCCCAGGGCCTGTGGAGGGT,GGG,GGG,-1418644,1557439,1323918
GTCCTGGGCCCCCCTCCCAC,AGG,AGG,-1394387,1520647,1384967
GATTTCTTTAGCCAGGCCTG,GGG,GGG,-1410354,1550830,1338817
GTAGGACCCTGACTCAAGGA,CGG,CGG,-2730420,2869176,1299595
GCTCCCCAGACCTCCTTCTC,TGG,TGG,-1428017,1566772,1305212
GGCTGGACCGGACAGATTGC,TGG,TGG,-1423074,1561956,1314971
GGGGACCAGGCAGCAGAGAG,GGG,GGG,-2743079,2881874,1324952
GTGGGCAGGCCCAGGCCCGC,TGG,TGG,-2783275,2909552,1392826
GGTGTCACCAGCCAGCCTGG,TGG,AGG,-1377306,1502858,1419837
GGGTTTCCTCTATGGGGCAG,GGG,GGG,-2739714,2878529,1318242
