Sequence,0 MM,1 MM,2 MM,3 MM,4 MM,5 MM,Total MM,Unique chromosome hits
GAAATCTCAAATACCCCGAA,2,0,0,1,71,854,929,24
GGGCCTGGGGACATTCCCTG,2,0,1,32,266,2087,2389,24
GTTTGTGCTTCAGAAGGTTT,2,0,4,75,607,3207,3896,24
GCCCCAGCAGCCCTCCGTCA,2,0,2,11,196,1557,1769,24
GCCCCGAGGCTCTGGGTCGG,2,0,0,19,185,1458,1665,24
GCACATTCTCTAGCCACCAT,2,0,0,12,78,759,852,24
GTTGGCGGCAGTAGAGGGCG,2,0,0,5,148,1504,1660,24
GAGCCCCCAAACATGGGAAA,2,0,2,13,180,1613,1811,24
GGGAAGCGTAGCCGGGCGGC,2,0,0,11,189,3012,3215,24
GAGAGAGGAAGCCCTGCTGA,2,0,2,52,450,2691,3198,24
GCCCCACCCTCCACAGGCCC,2,2,33,321,1584,12064,14007,24
GAGGGGAGCTGGAGCCAACC,2,0,2,28,330,2536,2899,24
GAAATACCAGTTCTGACCTG,2,0,0,14,132,1235,1384,24
GGCTTGGCTGGGGGAATCAG,2,2,2,19,357,2512,2895,24
GGCTGAGCTGAAGGGGTGTG,2,0,4,57,602,4195,4861,24
GGGTTGGCCTGGTGGGGAGG,2,0,8,94,779,5716,6600,24
GCCTGCTCACTGTGGCAGCC,2,0,1,37,282,2073,2396,24
GGCTTGCCTTGAGGTAGCAC,2,0,0,5,105,987,1100,24
GCGCCAAGAAACCAGGCCTG,2,0,1,7,135,1364,1510,24
GCCCTCCCTGGAGTCCACGC,2,0,1,23,189,1675,1891,24
GCTCTCCCTTCCCCAGCATG,2,0,3,44,354,2680,3084,24
GCCTAGTGAGTCCCACCAGG,2,0,0,9,89,799,900,24
GGGGCCAAGAGGAGAGAGCC,2,0,4,69,531,3696,4303,24
GGTGCACAGACCAAGGCTCC,2,0,0,16,217,1602,1838,24
GGCAGGAGAGGCCTGGAGGG,2,1,20,187,2049,12460,14720,24
GGTGAGCTCCAGATGTCACC,2,0,5,21,496,1778,2303,24
GCAGCCGGTGCAACACCAGG,2,0,0,14,120,1274,1411,24
GGGAGGGAAGCAGGGGCATC,2,0,2,69,683,5159,5916,24
GTTCACACCAGGAAGCCCAG,2,0,0,18,222,1661,1904,24
GTGGTGCCCACAGGAGAGCT,2,0,2,66,296,1939,2306,24
GGCGGCCAGGGAGGACACAG,2,0,1,53,453,3568,4078,24
GACACTGAGGGGTGCAGAGA,2,0,4,42,434,3393,3876,24
GTTGCTGGCAGGACAAGTGC,2,0,0,12,221,2470,2706,24
GCTGCAGTCTGAGGGCTTCA,2,0,0,15,237,1949,2204,24
GTTCTCACACCTTACTCCAC,2,0,1,10,101,995,1110,24
GCTGCCCAGTGTGACCAGAA,2,0,0,24,169,1508,1704,24
GAAGTGAGCTCCCATGCCGG,2,0,0,5,130,1074,1212,24
GCTGGGGCAGGAAAGGCTGG,2,0,8,121,965,5947,7044,24
GGAGATGCTGGCAGGAGGGC,2,0,12,95,792,5300,6202,24
GCGGGTGAGCCCTTGTGGGA,2,0,1,12,132,1263,1411,24
GAGTCCACGCCGGCAGGTGA,2,0,0,8,94,869,974,24
GGCCAAGCCCAGATGCCAGG,2,0,2,39,299,2067,2410,24
GTCCCAGCCTAGGCTTATGA,2,0,1,5,85,862,956,24
GATGCACGCCCACGCCCTGC,2,0,0,9,79,880,971,24
GAACCACTTACCCATGGGAG,2,0,0,3,92,1216,1314,24
GGTTTGGTGCAGGCTGATAA,2,0,0,10,115,1241,1369,24
GCTGCCTTTCTGGTCACACT,2,0,2,12,185,1443,1645,24
GGCCCCCTGCCCCATAGCCA,2,1,3,30,332,2288,2657,24
GGGAGGCTGAGGCCTGGAAC,2,2,8,234,2940,72471,75658,24
GGCTCCAGGACGTGGCCCTG,2,0,3,23,221,1832,2082,24
GGTTTGTTCCGTTTCCCAGA,2,0,0,8,162,1745,1918,24
GAACTGACTGGTGTAGACTC,2,0,0,7,94,924,1028,24
GCTCTGGGGGCTGAGAGAGC,2,0,5,79,902,7517,8506,24
GCCACAGACATATCATCACG,2,0,0,6,63,723,795,24
GGCTCAGAAGAGAATCTGAC,2,0,2,13,170,1555,1743,24
GAATTCTGACCCCAGACCCT,2,0,1,25,213,1517,1759,24
GCTCCAGCTGTCCTGTCTGG,2,0,2,26,253,1859,2143,24
GTGGGGTTGGAGCCCTAGTC,2,0,67,96,294,1368,1828,24
GTGCAGCCTGATGTTCTGGG,2,0,1,32,336,1775,2147,24
GCTCCATAACACAGGGAAGC,2,0,1,18,163,1341,1526,24
GAAGCCACAGCGGATGCCTT,2,0,0,18,108,1148,1277,24
GGAGGGCCCAGGGCCTGTGG,2,0,8,95,731,4573,5410,24
GGAGAAACAATTATCTCGCT,2,0,0,4,74,808,889,24
GGATTCTTGGGGCCACTGCC,2,0,1,8,161,1314,1487,24
GCATTCGTGGAAGCCCCTTG,2,0,0,3,74,818,898,24
GATGCAGCGGAAGTTCAATG,2,0,0,4,91,850,948,24
GTAAGGTTGCACAGTGAGCA,2,0,2,13,132,1506,1656,24
GCGCTGGGTGCCCAGGCCCA,2,0,0,25,377,2853,3258,24
GTGGGAGAGCTGCGCACCTG,2,0,1,13,169,1516,1702,24
GATACAGAGGGGCCCCATGA,2,0,0,9,144,1457,1613,24
GGCCCCCTTCCCCAGAAGGC,2,1,3,43,271,2016,2337,24
GAGCACTTGCTCCCAATCCA,2,0,1,7,126,1171,1308,24
GAGGGACTCTGAACAGAGAG,2,0,1,33,277,2364,2678,24
GCAGGGGCTGCTCTAGCCCC,2,0,1,44,411,2824,3283,24
GGTGAGGGACGGCGATGTGG,2,0,2,13,289,2354,2661,24
GCAGGCATGCCTGCTGCTGG,2,0,2,44,462,5803,6314,24
GGACTGGGGGACTGAGGGCA,2,0,6,80,740,5114,5943,24
GTGGTACACACGGGCCGTCA,2,0,0,3,27,410,443,23
GGCCAGAGCCCACAGGACCT,2,0,3,49,363,2520,2938,24
GTGTGGTTGGGGGAGAAGGC,2,0,13,184,2359,17043,19602,24
GTTGTGAAGTGGCCAGGCCA,2,0,1,19,291,2215,2529,24
GGAGCCTGATGCAGGTCACT,2,0,2,20,239,3271,3535,24
GTCAAATACACACGGGATTT,2,1,1,9,131,1480,1625,24
GACCATTCTGGGGCATGGGA,3,0,1,19,201,1843,2068,24
GGGTCAGGCCCAGCCAGGCC,2,1,8,69,660,4075,4816,24
GGGGTGTCCAGCACCCTGGG,2,0,1,22,265,2118,2409,24
GCCCACTCAGAGTGCAGGGA,2,0,2,21,273,2180,2479,24
GGGCTTCTGTGCAGGGGGCG,2,0,0,41,392,2924,3360,24
GACGGGAGAAAGTGCATGCA,2,0,0,10,146,1468,1627,24
GGCCCTTGCTGAGTCATTGC,2,0,1,13,133,1195,1345,24
GGGGAGATAAAAAGTATGAG,2,1,3,24,288,2702,3021,24
GCCGTGGGGACCCATCCCGC,2,0,2,5,80,775,865,24
GAGGGAAGAGGCTGAGACTC,2,0,6,58,573,4237,4877,24
GTCGAGATGAACGCACTGAT,2,0,3,7,56,492,561,24
GATGGACACTGCCTGCCTTC,2,0,0,18,173,1459,1653,24
GTGCACAGCGGCCCCACTCC,2,0,0,28,193,1364,1588,24
GTCATAGATGTGTCGGTGAT,2,0,1,5,49,689,747,24
GTCGTGAGAAATGCAACATT,2,3,249,460,828,2026,3569,24
GAGTCCCACCGCCTGCTGAC,2,0,2,5,102,926,1038,24
GACATTGAGAGGCTTGGCTG,2,0,2,28,237,2158,2428,24
GTCCAGAGGACTGCAGCACA,2,0,0,14,184,1832,2033,24
GGCAGCCTGGGTGGGCACCT,2,0,7,39,419,3017,3485,24
GGGGTCACTCTGGCCTTCAT,2,0,0,11,121,1157,1292,24
GAGGAGCTTCTCTGCCCTGT,2,0,4,21,211,1964,2203,24
GGACACAGCTCCGGGCGGCC,2,0,0,22,181,1611,1817,24
GGCTACCCTGAGCCAGCTGA,2,0,1,18,168,1463,1653,24
GTCACAGAGGTGGGGGCCTT,2,1,2,23,312,2480,2821,24
GGGAAGGCAAGTGCTGGGAA,2,8,44,165,2804,7041,10065,24
GGCTCAGGGTCTTCTCTCAG,2,0,2,22,236,1682,1945,24
GCCTTAGACCCAGGTCCTGT,2,0,0,11,116,1104,1234,24
GATGTGGTCCTCATGCCCTG,2,0,0,9,137,1246,1395,24
GCCTGCGAGGTGGACTGTCC,2,0,0,5,112,1043,1163,24
GCGGGGCGCATACCTGGCCC,2,0,0,9,114,1062,1188,24
GGAGGCCAGGCCCACAGACA,2,0,1,47,384,2920,3355,24
GGGGCTGGTGTTAGCTGGGT,2,0,0,33,304,2729,3069,24
GGGCACAGGGAAGCCCGAAC,2,0,1,15,210,1736,1965,24
GGTCCTTGTGGAGTCAGGGT,2,0,2,20,202,1799,2026,24
GTCACTGTCACCTCCCCCGG,2,0,2,13,138,1380,1536,24
GGCTGCCATCCCTGTGGGTG,2,1,2,28,300,2374,2708,24
GAGCTGTCCCGCTCGGGCAG,2,0,0,5,71,769,848,24
GGACATGGGGGTCACAGAGG,2,0,1,28,366,2758,3156,24
GGGTGCTGGGATGTCAGAAC,2,1,2,12,224,1951,2193,24
GGTGGCCCTGGTCCTGGCCG,2,0,6,91,558,3044,3702,24
GGTGGGCATCCCGGTGCACC,2,0,1,14,126,1067,1211,24
GAACCAGCCAAGAGTGTCTA,2,1,1,6,89,905,1005,24
GAAAATAAAAGGCAGATGCA,2,0,2,60,675,5413,6153,24
GCTGGTGGCCTGTGAAGGTT,2,0,2,23,231,1877,2136,24
GACCCTGGACAGTCACACGA,2,0,0,10,103,754,870,24
GCTGGGTCCTTGTGGAGTCA,2,0,0,13,210,1522,1748,24
GAGAATTGGGGTGGGAGTTG,2,0,9,78,704,4969,5763,24
GCCTCTGTGGGCAGTCCTGG,2,0,3,49,311,2357,2723,24
GCCCACAGAGGGCGAGGGCA,2,0,4,31,360,2665,3063,24
GGACAGGGGGCCCTGGGCCT,2,0,4,55,577,4216,4855,24
GGGCCATGGTAGCAGAGACC,2,0,1,20,272,2099,2395,24
GCACCCCTGGCCTCAACAGG,2,0,0,20,143,1377,1543,24
GGGGTCTTCAGACAACTGCC,2,1,2,14,142,1246,1408,24
GGTCTTCACCTATGGGCAGG,2,0,2,5,98,1049,1157,24
GCTGGGTCTCTGGGGAGGCC,2,0,5,68,621,4018,4715,24
GGCCTTATTGCCTGCAAGGG,2,0,1,4,97,902,1007,24
GGCTCCAGCTGTCCTGTCTG,2,0,2,29,280,2435,2749,24
GTGCTCACAGAATGATGGGG,2,0,2,18,175,1731,1929,24
GTGGGGTGGGAGGATGGAGG,2,23,689,8604,11571,19743,40633,24
GGTGGGTGGCAGGAGAGGCC,2,1,9,128,937,6647,7725,24
GTGTCTCAGGAGAGGTTCCG,2,0,0,14,131,1161,1309,24
GCAGGCTCCCAGGGACCCTC,2,0,2,46,377,2548,2976,24
GACCCGCTGCCCCTGACGGA,2,0,0,5,53,866,927,24
GAGGCGGACACAGCTCCGGG,2,0,0,9,115,1311,1438,24
GGAGGGGCTCAGGCCAGGGT,2,0,9,89,674,4639,5414,24
GTCTCTCTGCTTCATATCAG,2,1,2,11,198,1492,1707,24
GACACAGGGTGGCATGGGGA,2,1,3,64,501,3564,4136,24
GAGGCAGGTGGGACCTCCCC,2,0,4,44,363,3211,3625,24
GCGTGCTTTGGTAGACAGCG,2,0,1,2,54,530,590,23
GCTTTCTGGACACGTGGCCC,2,0,4,12,138,1251,1408,24
GCCTTCCCAGCTGCCCGCAG,2,0,3,36,323,2314,2679,24
GGCCACAAGGGATCCAGTCC,2,0,0,17,155,1192,1367,24
GGGTGGGGCTGGTGTTAGCT,2,0,4,29,328,2769,3133,24
GCACAGGATGGGGGCGTGGC,46,136,246,298,592,3233,4552,24
GAGGGCAGGGGGAGAAGCGA,2,0,6,129,1164,8352,9654,24
GAGTACACACTTCGGAGTGC,2,0,0,0,41,516,560,24
GACCTGGTGGGTGCCAGCTG,2,0,1,16,304,2223,2547,24
GGCAGAGCTGAAGCCTGCAG,2,0,3,58,579,6258,6901,24
GCTAGCGGGCGTCCGCGCCA,2,0,0,2,33,299,337,24
GGTGCACACACGGACTCTGA,2,0,2,8,84,822,919,24
GAACGGATGGCTCAGCAGAG,2,0,0,11,143,1393,1550,24
GGAACCCCCTGCGGGCAGCT,2,0,1,13,158,1256,1431,24
GGGTAGCTGTACTCACAGAG,2,0,1,11,97,1047,1159,24
GGGCTCTTTATAGAATTATC,2,0,0,4,105,1112,1224,24
GGTAGGAACTGGGCTAGGCA,2,0,1,44,434,2884,3366,24
GCGGCCACCAAGGGTGCCCA,2,0,0,14,132,1241,1390,24
GGGTCCCTGGGCTGTGCCCA,2,0,8,125,791,3752,4679,24
GGGCCCAGGCCAGCACGGAG,2,0,1,38,348,2780,3170,24
GCCTCTTCTGCGGGGCAGCA,2,0,2,17,211,1458,1691,24
GGCGGACGGTGCCCGGCAGC,2,0,1,13,146,1357,1520,24
GCCAGCACAGACCCCATAGA,2,0,0,16,149,1263,1431,24
GCCTAGGAGGTCAGAGGTTG,2,0,2,32,318,2745,3100,25
GGAGGGTGGCTTCAGTGGGC,2,0,5,48,327,2793,3176,24
GGCTGCTGGGGCCAGCAAAG,2,0,7,34,367,2560,2971,24
GGAGGGAGAGTCGGGGAGCC,2,0,3,70,683,5158,5917,24
GAGCACACTGGAGAAGGCGG,2,0,2,38,313,2558,2914,24
GACCCTGCTTTGACCAGGTT,2,0,1,9,102,940,1055,24
GGAGGTGGAGAAGAAAGGCA,2,1,19,167,1482,9788,11460,24
GCTCGGGCTTCCTGGTGCAC,2,0,1,8,140,1190,1342,24
GGGGCTCCAGCTGTCCTGTC,2,0,1,28,195,1704,1931,24
GGCCTCTTCTGCGGGGCAGC,2,1,2,26,221,1800,2053,24
GGATGCCTTGGGCACAGCCC,2,0,0,39,316,2362,2720,24
GGAGGTCTGGGGAGCTTAGG,2,0,1,24,288,2546,2862,24
GTGCCCAGCCTTGCTCTTGT,2,0,2,16,159,1336,1516,24
GCAGGCCTGGACTGAGCCTG,2,1,9,35,383,2790,3221,24
GGGGCAGAGGCCTGAGCAAG,2,1,3,71,518,3739,4335,24
GTTCCCTGAGCCCCCAAACA,2,0,1,17,239,1517,1777,24
GAGCTCAGTGCCCATGTCAG,2,0,0,12,197,1500,1712,24
GAGGAAGTGAGCTCCCATGC,2,0,1,17,174,1514,1709,24
GGGACACTGGTGAAACAGGC,2,0,1,22,233,1883,2142,24
GAGCCCTTTGCCCTCACACA,2,0,0,13,206,1536,1758,24
GTGGCAAGGGCCCTGGGCTG,2,0,5,71,597,4132,4808,24
GTGGCTTTCTGAGAGGCGCA,2,0,0,17,151,1256,1427,24
GCTGGAGGCAAGGTGGGCGT,2,1,3,39,385,3047,3478,24
GGGAGCCAGGCTCAGGGTAT,2,0,3,28,288,2086,2408,24
GGGGTTTCCTCTATGGGGCA,2,0,2,15,162,1352,1534,24
GCCTGCCTGGTTCCCTGGGC,2,2,8,49,438,3498,3998,24
GGCTAGGAAGGCACCAGGTC,2,1,2,12,214,1748,1980,24
GGCGGGTGCGAGGTGAGGGC,2,0,0,66,691,5549,6309,24
GAGGACACAGTGGGCAAGGC,2,0,1,49,476,3658,4187,24
GCCACCTGGTGGGACTCACT,2,0,0,11,125,1111,1250,24
GGGGACTCACCCCTTCCTCT,2,0,1,35,238,1720,1997,24
GGCTTGGAGACCCCACAGGA,2,1,0,30,299,2004,2337,24
GTTGACACTGGCTCATAGTG,2,0,0,9,90,820,922,24
GTGGCTGGGCAGGTGTCAGG,2,0,6,49,497,3515,4070,24
GTGGACCAGGCTCCAGTCTC,2,1,1,19,159,1441,1624,24
GGCCTCTGCTGCAACAGAGG,2,0,3,22,253,2060,2341,24
GCTCTTGCCTCCTATGATCC,2,0,0,9,105,1203,1320,24
GCACACTGTCCAGCCACCTT,2,0,2,10,145,1146,1306,24
GAGGGGCTGGGCGCTCGTCT,2,0,2,11,166,1359,1541,24
GAGTTCATCTTCTTGACCTT,2,0,3,24,264,4250,4544,24
GTTTCCTGTGTCCGCCACCT,2,0,1,8,126,1365,1503,24
GTCCCTGTTACTGACATGCA,2,0,1,15,109,1056,1184,24
GCTGGGGAAGGGAGAGCTCC,2,3,8,126,1056,6732,7928,24
GCAGAACCGTGACCTGGATT,2,0,0,7,119,892,1021,24
GCAGTGGTCCCTCCACCCAC,2,0,1,19,164,1576,1763,24
GGAATGTTCTGGAGCTGAGT,2,0,0,21,188,1692,1904,24
GCCCACAGGGCAAGGGGGCC,2,0,2,45,433,3117,3600,24
GCAATAAGGCCTGCGGACAC,2,0,0,4,68,668,743,24
GCGTGCAGGGAGCTGAGGCT,2,0,6,63,634,4385,5091,24
GATTAAATGCTTTAAAGGAT,2,0,1,33,348,2620,3005,24
GCGGGGCTCTGCCTGGTGCA,2,1,1,28,271,2080,2384,24
GGCTCTGGAGGAAGTGGGTG,2,0,7,90,704,4844,5648,24
GGCCAGGATGGTGTCTAGGA,2,0,3,22,252,1849,2129,24
GTGGGTGCTAGGGTCGGGTG,2,0,1,39,428,3187,3658,24
GACCAGGGCTGGGGCAGGAA,2,0,11,114,948,5554,6630,24
GAGCAGCAGGGGGCACGGAA,2,0,2,38,360,2979,3382,24
GGAGGGAGAGGGGTGAGGCC,2,2,18,195,1728,11790,13736,24
GGGGCAAGAATGCTGCAGGA,2,2,1,27,296,2198,2527,24
GCCTAGCCCAAGGTCAGCAC,2,0,0,18,146,1394,1561,24
GTGAGCTCCCATGCCGGGGG,2,0,1,16,252,2595,2867,24
GGGAGAGACAGCACTGTGGC,2,0,5,55,517,3093,3673,24
GGCTCCCAGGAGGCCGGCCA,2,0,5,33,335,2364,2740,24
GCGTGGGCGTGCATCAGCAG,2,0,0,11,85,798,897,24
GCCAGTGGTCAGGGATTATC,2,0,2,7,85,969,1066,24
GGTGGGCTCTCCCGTGGGCC,2,0,0,24,247,1958,2232,24
GCCACAGGCAGCAGAAGTCT,2,0,3,29,224,2025,2284,24
GTGAGGAACAGGGGGAGGGC,2,0,1,109,1127,8676,9916,24
GGAGGGAGGCTGCAGTCTGA,2,0,2,53,470,3380,3908,24
GATACCTGGATATAGTAAGC,2,0,1,3,68,722,797,24
GCTGACCTTGGCGCTCCCCA,2,0,0,8,124,1131,1266,24
GGCTCTGATCCTTCACCTGC,2,0,1,22,215,1515,1756,24
GTTGCCCACTCCAGAGGCCC,3,2,1,22,237,1694,1960,24
GTGAGCTCCAGATGTCACCA,2,0,2,19,214,1700,1938,24
GGTGCTGCAATAGGAGGAGG,2,0,4,56,454,3891,4408,24
GTGGGGTTGGGGTGGGTCAA,2,0,5,83,712,5186,5989,24
GCACTGAGTGGAGTCAGGTG,2,0,2,32,263,1984,2284,25
GAGGCCCCGCAGGCCATAGC,2,0,0,11,134,1220,1368,24
GATGCTGTCTTGCGCATTGC,2,0,8,42,290,1458,1801,24
GGCTGGGGGCTGGAGAGCAT,2,0,7,221,1193,9955,11379,24
GGGACACGGTTCAGCCTCCT,2,0,0,6,136,1002,1147,24
GCAGCCCCAAGGGATGGGCA,2,0,2,40,395,2918,3358,24
GTTGGCGGGGGCAGAGGGGT,2,0,4,90,752,5687,6536,24
GGCTTCTGTGCAGGGGGCGG,2,0,2,58,542,4451,5056,24
GATGTATAAAATGAGTTAGC,2,0,1,23,251,2205,2483,24
GGCCATGGTAGCAGAGACCT,2,0,1,24,300,2254,2582,24
GAATGGGAGCTACTTGGTGG,2,0,1,15,173,1651,1843,24
GAGGCAGACGCTAATGCCTC,2,0,0,5,106,1001,1115,24
GTGGGCACAAAGGGCCGGGC,2,0,0,29,273,2100,2405,24
GGACTGAGTTTGCAGGGCCT,2,0,2,19,224,1903,2151,24
GCCAGCACAGGAGACAAGGG,2,0,2,29,353,2862,3249,24
GGACCCTTGGGAGGGAAGCA,2,0,1,33,362,3087,3486,24
GTTCCCACAGGACACTGACC,2,0,1,12,163,1332,1511,24
GTAGCCAGGGGTCTTCCTCC,2,0,1,12,118,1248,1382,24
GGATGTGATGGCACTGCCTG,2,1,8,22,229,1875,2138,24
GAAAGTGCTCACAGAATGAT,3,8,29,105,316,1987,2449,24
GGAGGGCATGGTCCCAGACT,2,0,37,96,346,2244,2726,24
GGGTGCAGCTGGGTGGGCCA,2,0,6,61,517,3623,4210,24
GCCCAGTGAGGCAAGGCTGC,2,0,5,67,439,2642,3156,24
GTCCAGGGTCACATTGTCAT,2,0,0,23,137,1186,1349,24
GGGGGACCCCTGCAGGGTTA,2,0,1,15,154,1367,1540,24
GGGTGCTGGGGACAGCCGTG,2,0,4,67,450,2987,3511,24
GCATACTGCATGCTCCTGCC,2,0,0,6,136,1387,1532,24
GCTCAGGGTCTTCTCTCAGT,2,0,2,16,183,1400,1604,25
GACACATCCTGGTGCTGCTC,2,0,0,22,168,1523,1716,24
GCACAGCGGCCCCACTCCAG,2,2,3,36,245,1412,1701,24
GAGACTCATCTGCCTGTGGG,2,0,2,31,204,1866,2106,24
GGCCACAGAGCGGCAGCCAG,2,0,0,30,309,2361,2703,24
GGGCCAGGATGGTGTCTAGG,2,0,3,21,240,1838,2105,24
GCCCTGGACTGGATCCCTTG,2,0,2,18,175,1244,1442,24
GGCCTGGAACTGGGCTCACA,2,0,2,14,250,1855,2124,24
GCAGGGGAGCCAATCCTGCC,2,0,0,26,189,1604,1822,24
GGAGGGGGGACATGTAACTG,2,0,1,10,194,2031,2239,25
GGCTGAGTGGGCACAGGCCA,2,0,7,52,443,3266,3771,24
GCAGCCCGAGGGACATTGAG,2,0,0,15,102,1194,1314,24
GCCACAGCTTGGCTCCCTCC,2,0,4,30,254,1967,2258,24
GAAGTAACTGTGGTGTGTGG,2,0,0,19,247,2068,2337,24
GGAGACAACGGCTCAGGTTG,2,0,2,7,117,1137,1266,24
GTCCGCTGCCTGCTGCCTGC,2,0,4,24,307,2236,2574,24
GCAGCCTGCCCTGGGCCCCC,2,1,11,104,754,4591,5464,24
GTGGGACAGGGCTGCCTTTC,2,0,2,24,218,1779,2026,24
GCCTTGTCCCACTGTAGCTG,2,0,0,10,140,1332,1485,24
GGAGGAACCACAAAGTCCTG,2,0,1,23,219,1623,1869,24
GCCTCTGCTTGTGTCACCTT,2,0,4,26,232,1848,2113,24
GACCCATTTAGGGTGTGGTT,2,0,0,5,73,927,1008,24
GGCTCTCGGGTTCATGTCCT,2,0,0,3,78,800,884,24
GGCCTGTGGAGGGTGGGGCT,2,1,14,151,1082,6764,8015,24
GGGCTGAGCTGAAGGGGTGT,2,0,2,25,318,2991,3339,24
GAGCAGGCATCAGGAGCGCT,2,0,2,10,210,1633,1858,24
GGCCTGCGGGGCCTCTTCTG,2,0,4,25,251,1779,2062,24
GCCTTGGAGGAGGTGGCGGA,2,1,4,51,532,3787,4378,24
GTTCCTCACCTGGGGGTCTG,2,0,3,43,318,2001,2368,24
GGCCTGAGCTCCAGGATCAT,2,0,1,21,199,1701,1925,24
GGCAACACTGTCGCCAGCTC,2,0,0,2,96,989,1090,24
GACATCCCAGGTAGAGGAAC,2,0,2,21,241,1698,1965,24
GCCTGACGCTGGAGATGCAG,2,0,1,19,254,2043,2320,24
GAGTCCAAGGTGGCACGGTT,2,0,0,10,88,779,880,24
GGGGGCTGAGAGAGCAGGCG,2,0,6,71,657,5089,5826,24
GACTGAGTTTGCAGGGCCTG,2,0,0,35,247,1963,2248,24
GAGGAAGGGGTGAGTCCCCA,2,0,2,44,360,2749,3158,24
GGAGGCTGAGGCCTGGAACA,2,1,6,110,847,4408,5375,24
GGCTGCCCAGCCTTGGGGAA,2,0,1,40,429,2900,3373,24
GGGGTGTCGGGTACATCTAG,2,0,0,4,32,467,506,24
GGCAGAGGGGTGGGGTGTGT,2,0,9,110,1004,6878,8004,24
GTCAGCTCCCGAGCAGCACC,2,0,1,20,114,1107,1245,24
GGATGTCCTCACTTGCCCAT,2,0,0,10,103,1099,1215,24
GGGCCCAGGTGCAGTCACCA,2,0,1,22,261,1835,2122,24
GACACTGACCAGGCTGCGGC,2,0,1,15,532,8448,8999,24
GGCTCCAACCCCACGGACCT,2,33,71,79,152,1158,1496,24
GCGCCCCGGCCCCGGGAGGG,2,0,2,55,410,2788,3258,24
GTCTCCTGACTTTCAGTGCA,2,0,0,20,233,1357,1613,24
GCAGCCAGCACCCTCTGGGG,2,0,4,37,301,1981,2326,24
GACCGGACAGATTGCTGGCA,2,0,0,4,72,673,752,24
GCTGACTGGGCTGAGCTGAA,2,0,1,40,256,1912,2212,24
GGAAGCCAGCACAGGAGACA,2,0,4,49,430,3293,3779,24
GCTCAAGTGGGAAGCTCTTC,2,0,0,8,143,1320,1474,24
GGCCTTCCTGCATCAGCACC,2,0,1,22,240,1880,2146,24
GGAGGGGCTGCCAAGGCCCA,2,0,9,63,609,4265,4949,24
GCATGCACTTTCTCCCGTCT,2,1,0,4,92,832,932,24
GGGCCGGGGCGGGGGTAGCC,2,0,6,129,1144,6702,7984,24
GAAGGGCTGCACCTCCAAGA,2,0,2,8,185,1457,1655,24
GGTGCCAGGCAGTGAGCCCA,2,0,4,38,386,2592,3023,24
GGATTCCTCCTCTGTGATGA,2,0,2,18,337,2777,3137,24
GCCCAAGCCAGTGGCTGGGC,2,0,0,34,423,3020,3480,24
GCCAGTGCCTAGGAGGTCAG,2,0,1,21,273,2014,2312,24
GGTCTGGCTGTTGGAGGGCA,2,0,3,28,306,2785,3125,24
GAGAAGGATGGGCCCCTTCC,2,0,1,18,211,1610,1843,24
GTGAGGGACTGGGGCTGAGC,2,0,8,69,557,3963,4600,24
GCTGGCCCTTGGTGGTCCCA,2,0,1,20,227,1549,1800,24
GGAAGGAAGCCAGGGAGAGG,2,2,28,529,6482,22413,29457,24
GTTGCTTGGAAAGAAGTGTC,2,0,0,6,188,1664,1861,24
GCCCCTTGGGGCCCCCTTCA,2,1,1,17,172,1228,1422,24
GTTGGGGGTGTCCAGCACCC,2,0,1,9,176,1426,1615,24
GGGGTTGACAGGGCTCAGCT,2,7,35,105,416,2525,3091,24
GGGCTTTAAACCTATGAGAT,2,0,6,160,2707,4848,7724,24
GGAGGGGCGTGAAGCCACAG,2,0,2,20,243,2017,2285,24
GAGGTGGCTCCCAGCAGATA,2,0,4,69,478,2029,2583,24
GTTTCCCAAAACAGGTTCCT,2,0,1,25,224,1651,1904,24
GGCTGGGGGGCAGAGCCCCA,2,1,5,71,545,3898,4523,24
GTCTGGCAGGGAGCCGGGCA,2,0,4,40,402,3296,3745,24
GTGACAGTGGGGTGGGAGGA,2,0,13,131,1271,9237,10655,24
GGGCCGGGATGAAAGGGGCC,2,0,1,35,379,2828,3246,24
GCAGCCGCCTTCCGAGGACT,2,0,2,8,108,1271,1392,24
GTCATACCACAGAACCCTGG,2,0,2,5,94,916,1020,24
GCCCCAGCATGTGCCACCCG,2,1,2,11,150,1422,1589,24
GACGGAGCATGGGCAAATGG,2,0,0,8,138,1258,1407,24
GAGAGGGCTGGTCAGGGCTG,2,0,4,86,680,4767,5540,24
GGGCAGCCTGGGTGGGCACC,2,0,12,63,550,3598,4226,24
GGGACCCTGTGGGCAGAGCC,2,0,7,63,562,3903,4538,24
GACCCCACACCCTATCTCAT,2,0,2,5,79,937,1026,24
GGCCCGGACAGGCAGCACAG,2,0,1,18,272,1947,2241,24
GTGGTGGGCTCCCCTACCTC,2,0,1,18,165,1282,1469,24
GGGCTTGAGGAAGGGATGGC,2,0,3,50,563,5621,6240,24
GGCCACAGCCAGGCCTGCAG,2,1,6,59,597,3534,4200,24
GCGTTGCCGAAGTCCACGGC,2,1,0,2,31,390,427,24
GCCTCTGCTGCAACAGAGGT,2,0,0,21,214,1748,1986,24
GGTGCAGGGGGTTTCCTCTA,2,0,0,10,101,1029,1143,24
GGGGCAGTTGGAGGACAGCC,2,13,51,122,633,5483,6305,24
GGTCTCTCCTTGCATTGGCC,2,0,1,15,148,1765,1932,24
GGCCCCTTGGAGACAGCCTT,2,0,1,17,170,1786,1977,24
GAGGCCTACGGTGACCAGGA,2,0,0,13,94,1187,1297,24
GGCTGCAGCTGCCAAGGGAG,2,0,9,57,485,3235,3789,24
GTCCTCCATCAGTGTCTGTG,2,0,10,58,292,1766,2129,24
GGATTTGGGGTGAGCTGCAC,2,0,4,131,530,1686,2354,24
GCTACCTGCAGGGGAGCCTC,2,0,1,21,233,1917,2175,24
GGACATGTAACTGGGGACTG,2,0,2,13,207,1755,1980,24
GGCTCCCGGTGAGAGGTTCC,2,0,0,8,126,1222,1359,24
GCCCTCCTGTCTCCTTGGCC,2,0,6,45,462,2738,3254,24
GCAGGCAGGGAGGGGCTGAG,2,1,13,177,1284,8339,9817,24
GAGAAATGCAACATTTGGGT,2,5,130,155,625,4219,5137,24
GTGCACTGACAGCACTTGTA,2,0,0,6,149,1699,1857,24
GAGCTGAACTGGACAGATGG,2,0,1,26,204,1824,2058,24
GCTGGGCACACAGCCCAGGA,2,0,6,68,863,3526,4466,24
GCCCTCTATGGGGTCTGTGC,2,0,0,20,141,1261,1425,24
GAGCCGCAGTCACATGGCAG,2,0,4,13,144,1268,1432,24
GACACGTGGCCCTGGGGATC,2,1,0,17,150,1496,1667,24
GTTGGCTGCAGCTGTGGTGA,2,0,2,32,373,2785,3195,24
GCCACAAATGTCAGCATGGC,2,0,2,15,213,2650,2883,24
GCTGAATGCTCAGTGAATGG,2,0,4,27,207,1507,1748,24
GTGGAGGCCTCCTGAGGGAC,2,0,1,29,261,2085,2379,24
GAGGCCCTGGCTATGGGGCA,2,0,2,45,342,2690,3082,24
GCCCTTCCTCCATCCCAGCA,2,0,4,41,374,3626,4048,24
GGGGCATGGCAAGCTCTGGG,2,0,1,32,309,2419,2764,24
GCAACATCAGGGCTCTTCCC,2,0,5,18,153,1271,1450,24
GTGCCAGCTGAGGACATGGT,2,0,2,16,228,1802,2051,24
GGGGCCCGTGCTCGCCCACC,2,0,1,9,115,1148,1276,24
GTGGTGGCCAGGGGAGCAGG,2,1,15,157,1069,6452,7697,24
GCTCCCATTCCCAGCCCTTA,2,0,2,19,279,2914,3217,24
GTCACCCTCTGTGGTACACA,2,0,1,6,137,1221,1368,24
GCACCCACCAATTCTCACTC,2,0,0,13,88,961,1065,24
GATGACAGAGGGGCTCAGAG,2,0,4,74,744,4665,5490,24
GGCCACGTGTCCAGAAAGCC,2,0,3,14,167,1214,1401,24
GGGGAAGCTGGAACATGGGC,2,0,3,31,394,2960,3391,24
GAGGAGGGTGCCTGTGACCT,2,0,2,40,435,3064,3544,24
GGCAGCAGGGCAGCGGGGCA,2,0,8,81,840,5276,6208,24
GGCCCTGCACACATGCACCT,2,0,2,17,197,1553,1772,24
GACCTGTTGAGCCACCTCAG,2,0,0,9,102,819,933,24
GCCCACTCCTGGGTGCTAGC,2,0,1,18,182,1375,1579,24
GCCTGCCACTGGGATCAGAT,2,0,1,16,148,1294,1462,24
GCTTGCACAGCATGTGGACG,2,0,0,4,97,896,1000,24
GGGGCTGGGGCCCTGGAAGG,2,2,14,116,1088,6886,8109,24
GGGCCGAGTGGCCTTGGGAG,2,0,2,25,243,2229,2502,24
GGGGCTGGGAGCTGCAAATG,2,0,3,38,357,2825,3226,24
GCAGTGGTCGGAGGTGGTTT,2,0,2,12,156,1534,1707,24
GACCCTGGGAAGAGTTTGCA,2,0,2,15,189,1568,1777,24
GGCTGGAGACCCAGCCCTGC,2,0,19,84,517,4015,4638,24
GACAGCCAGCTAAGAATGCC,2,0,0,6,104,1272,1385,24
GCCGGGGATCCAGGCAAGCA,2,0,0,17,186,1760,1966,24
GGCGTGCATCAGCAGCGGGG,2,0,2,15,111,937,1068,24
GACATGGGGGTCACAGAGGT,2,0,1,27,262,2038,2331,24
GGTTGGAGGGAAGGAAGCCA,2,0,3,74,1383,10905,12368,24
GTGAGAGCCAGGCAGAAGCT,2,0,7,50,673,4026,4759,24
GGCTCCCAGGAGGAGGTGAG,2,2,13,140,1195,4838,6191,24
GACCTGGAGGCCAGGGTGCC,2,0,2,65,484,3842,4396,24
GGTAGATGGCTGGGCCTGCA,2,0,1,13,237,1804,2058,24
GAAGACACAAGATGGAAGCC,2,0,1,21,275,2598,2898,24
GGGCTGGAAGCCGGGATTTG,2,0,4,26,226,2243,2502,24
GGAACTGGCAAGGTGAGGGA,2,0,2,50,467,3806,4328,24
GAGTGGGGCCGCTGTGCACC,2,0,2,17,177,1470,1669,24
GGGCCAGGGCCAAAAGTCAC,2,0,0,15,174,1379,1571,24
GGGTCCGGGCCAGGGAGGGG,2,0,13,92,989,6977,8074,24
GTGGGATCCTTCCACTGAAA,2,0,0,14,117,950,1084,24
GGTGAATCTGTGTGAGGATG,2,0,1,28,312,2769,3113,24
GCTCCGCCCTCCCGGGGCCG,2,0,2,46,331,2227,2609,24
GTGCAGAGGCAGAGTTGAGC,2,0,3,29,319,2527,2881,24
GTCTAGTGGGGGTGAGGAGG,2,1,1,52,516,4326,4899,24
GGCCAGCACAGACCCCATAG,2,0,2,14,145,1429,1593,24
GCACAGGGACAACCAGAGAC,2,0,2,23,288,2096,2412,24
GAGGGCTGCTGGGGCCAGCA,2,0,8,79,614,4070,4774,24
GCTGCAGGTTCTGCCATAAC,2,0,0,11,150,1256,1420,24
GCTCTGGAGGAAGTGGGTGG,2,0,6,74,572,4915,5570,24
GAAAGGAAATGGGGGCTGGG,2,1,8,107,887,6052,7058,24
GAGGGCCAGACTTGGGCATG,2,0,2,22,301,2233,2561,24
GAGACGGAGACTCAGCCCCC,2,0,0,18,233,1708,1962,24
GTCTTTGCTCCACACATTCT,2,0,1,19,195,1685,1903,24
GCCAGTGCTGACCTTGGGCT,2,0,1,28,273,2067,2372,24
GTTCATATAGAGAGTTTGTC,2,0,1,8,140,1572,1724,24
GTCTCTTTGCCTCCAGGGTG,2,0,0,21,236,2038,2298,24
GACAGATGGAGGGCTCTGGG,2,0,2,29,311,2625,2970,24
GGCCCCTGTTGCCTGTCTGC,2,0,0,31,240,1829,2103,24
GCACCGTTTCAAGAAAGCCA,2,0,2,3,77,931,1016,24
GGCCAGGCCCTGCGCAGACC,2,0,0,34,392,2440,2869,24
GAGCGCCAAGCACCTGAGAC,2,0,1,10,132,1302,1448,24
GACGAGCGCCCAGCCCCTCC,2,0,1,14,148,1172,1338,24
GATGAGAGCCCGTCAGCAGG,2,0,0,5,96,998,1102,24
GGGCTTGGAGACCCCACAGG,2,1,5,36,305,1928,2278,24
GGCTGGGGCCCTGGAAGGTG,2,0,8,110,893,6374,7388,24
GATGATGGCTGTTCTGTCAA,2,0,1,10,142,1392,1548,24
GGTGGGGTCAACCTTGGCCT,2,0,1,11,127,1228,1370,24
GCCTGTGGAGGGTGGGGCTG,2,0,10,179,1315,8234,9741,24
GAAAGTGCATGCAGGGCCAC,2,0,3,16,189,1545,1756,24
GAGGCCTAGGGTGAGGGACT,2,0,2,44,402,3067,3518,24
GAAGGATTGAGGCTCTGGAA,2,0,0,24,216,1942,2185,24
GCTCTCACCCAGACACTCCC,2,0,0,19,300,2152,2474,24
GAGGGAAGCCTTGAAGTGCC,2,0,0,11,205,1753,1972,24
GGGCCAGCAAAGGGGTGAGC,2,0,1,28,329,2458,2819,24
GGGCAGGGAGATCTCGAGGT,2,1,2,126,717,2844,3693,24
GCGAGGGGCTCCCAGGAGGC,2,1,3,64,439,3264,3774,24
GGATGGTGAGAGGCTTCTGG,2,0,3,25,311,2464,2806,24
GCAGGAGGCGGACACAGCTC,2,0,2,27,256,2244,2532,24
GGTCCTCATGCCCTGGGGCT,2,0,2,33,352,2512,2902,24
GGGGGATGGTGAGAGGCTTC,2,0,3,37,413,3319,3775,24
GGCCTTGGCCTCAGCCCTGC,2,0,9,63,404,2997,3476,24
GGAGAGGGTCAGGCCCAGCC,2,1,6,64,842,4670,5586,24
GTGGAGGGTGAGAATTGGGG,2,0,1,54,601,5057,5716,24
GAGGAAGCCCTGCTGAGGGC,2,1,2,42,404,3058,3510,24
GCTGGGACCCATTTAGGGTG,2,0,0,14,126,1123,1266,24
GTGCCTGGAGCGCCCCCAAC,2,0,2,6,119,901,1031,24
GCGCTGAACTGAAAACACGC,2,0,0,2,37,515,557,24
GAGGCAGGCAGGCAGAGGTG,2,1,17,160,1368,8192,9741,24
GGTGGAGGTGGATTCCAGCT,2,0,5,14,224,2010,2256,24
GCACGTGCCCCTCTGCCAGG,2,0,0,20,159,1406,1588,24
GCTCTTCCCAGTCACCCCTG,2,0,2,19,240,1894,2158,24
GGCCACCAGGCCTGTGCGTG,2,0,1,23,222,2208,2457,24
GGCACTGACCTGTGGGTTGG,2,2,5,38,292,2177,2517,24
GAGGACACGAGCATCAGCCA,2,0,0,5,147,1286,1441,24
GCTGCAGCTTTGGCCCCACC,2,0,1,39,320,2339,2702,24
GGGTGCCAGAGACACCCTCC,2,0,0,17,243,1599,1862,24
GCTAATTGTCATAGATGTGT,2,0,1,3,127,1347,1481,24
GGGTCCCAGTCTCCAGGCAG,2,1,2,32,322,2373,2733,24
GGCTTTCTGAGAGGCGCAGG,2,0,1,20,322,4691,5037,24
GCTCTCAGAGGCAGAGCCAC,2,0,4,42,285,2318,2652,24
GACACCAGTGGGGTTGGGGT,2,0,2,54,524,4433,5016,24
GGTGTCAGGTCGCTGGGGAT,2,0,1,8,162,1415,1589,24
GCGCGCCACGAGCAGGTGCG,2,0,0,4,86,675,768,24
GTCGGGGCATGGCAAGCTCT,2,0,0,7,110,1034,1154,24
GAGGCCACATGGGCTGCTGG,2,0,3,59,359,2482,2906,24
GCCCTTGCCACAGTGCTAGT,2,0,0,10,100,895,1008,24
GAAATGTCAGGCCAAGGCTG,2,0,1,30,209,1978,2221,24
GGTGAGGACCTTCTTGGTGA,2,2,31,193,456,2025,2710,24
GGAGGTGGCTCCCAGCAGAT,2,0,35,249,651,2521,3459,24
GGGTGCGGGGTTTGTGTGGC,2,0,3,36,355,2675,3072,24
GTGCCAGGCAGTGAGCCCAC,2,0,1,29,269,1857,2159,24
GGACAGTGGCTCACTCCACC,2,0,0,21,179,1330,1533,24
GAGTGGGCCGTGCCCCCAAG,2,0,1,8,94,944,1050,24
GCTCTCTCCTCTTGGCCCCA,2,0,1,35,280,2089,2408,24
GCTGCACCCCTGGCCTCAAC,2,0,1,20,235,2172,2431,24
GGGCCCTGGAAGGTGGGGGA,2,0,14,124,914,6272,7327,24
GCGCAAGCTGGAAGGAGGAA,2,0,1,30,382,3127,3543,24
GCGCTGATAGGGAGTTATGG,2,1,0,4,51,612,671,24
GTAGACAGCGTGGTGGATAT,2,0,0,4,60,722,789,24
GGTGGTGCTGCAATAGGAGG,2,0,1,19,277,2345,2645,24
GGGCGGCATCTAAAGGTGCC,2,0,0,3,57,611,674,24
GGGAGTGAAGGTACTATGGG,2,0,1,6,150,1645,1805,24
GCTGACCTTGGGCTAGGCCA,2,0,3,24,217,1753,2000,24
GGGATCCAGTCCAGGGCTGG,2,0,1,45,398,2952,3399,24
GTGGTGGCGCTGGGACCTGG,2,0,7,185,2087,7782,10064,24
GTTTGAGGCTGGGCCCTTAG,2,0,0,12,158,1243,1416,24
GTCCCTCCTAGACACCATCC,2,0,2,4,130,1127,1266,24
GAGCCCTTCTGTTTGACGAT,2,0,0,4,72,629,708,24
GGAGGGAAGCAGGGGCATCA,2,1,2,57,647,4751,5461,24
GTCCATGCTGGGATGGAGGA,2,0,1,43,379,2691,3117,24
GGAGGAAGAAGGAGCTGAAC,2,0,7,60,707,5229,6006,24
GGCTGGAGCCCCTGGTCAAG,2,0,2,31,307,2133,2476,24
GGGCAGTTGGAGGACAGCCC,2,20,52,126,462,3392,4055,24
GTTCCCTAGGGGGGCTGCTT,2,0,2,5,89,948,1047,24
GATGTCTTAAGGTCAAGTTT,2,0,0,12,118,1428,1561,24
GGCTCTTTATAGAATTATCT,2,0,2,11,155,2248,2419,24
GTTGGGTGTGTGGGTCTGGC,2,0,4,44,494,3875,4420,24
GGGCCGTGGGTCCCAGCACT,2,0,2,26,188,1728,1947,24
GGGTTGAGGAAGACACAAGA,2,0,3,20,312,2487,2825,24
GTCACCCTCACCAGAGTTCA,2,0,1,20,183,1605,1812,24
GGGACTTGCTGTCAAACCCT,2,0,1,7,115,987,1113,24
GGGTGAGCGGGAGGCCCTGC,2,0,3,40,378,2837,3261,24
GGCCACCATCACCTTGGCCT,2,0,2,22,234,1772,2033,24
GTGTGGGGAGCTGTGTGTGC,2,0,31,125,763,4996,5918,24
GGAACAGTTAATTTCTCAGG,2,0,1,10,135,1228,1377,24
GGCTGCCCTGCCTGAGAGGG,2,0,5,43,485,3780,4316,24
GCAGCAGCAGGTGGCCCACC,2,0,0,52,443,3643,4141,24
GAGGTCGGGGGCTGCACCCC,2,0,0,17,230,1971,2221,24
GGGCCTGTGGAGGGTGGGGC,2,2,30,223,1559,11291,13108,24
GCAAGGCCCCCTTCCCCAGA,2,0,1,18,213,1762,1997,24
GTTGGTGCTGGCTGTGGCTT,2,0,6,68,453,2988,3518,24
GTCCCTTCTGGAAGGGTGCT,2,0,0,13,191,1870,2077,24
GCCATGCTGACATTTGTGGC,2,0,1,30,242,1537,1813,24
GGGGCTCTTTCCTGGACCCT,2,0,1,27,226,2165,2422,24
GAGGGCATGGTCCCAGACTA,2,0,29,103,241,1370,1746,24
GCCCAAGTGACAGCAGGATG,2,0,0,25,199,1821,2048,24
GGGCTGGGGGAAGCAGCCAT,2,0,9,56,462,3502,4032,24
GGTGCAGGTGAGGAAGACTG,2,0,3,47,540,3718,4311,24
GGGTGGGTGGTGTGGCAGTC,2,0,2,34,436,3488,3963,24
GCCCCAGTGGGCGTGTGTCA,2,3,9,23,144,1114,1296,24
GACTCCACAAGGACCCAGCA,2,0,0,19,163,1634,1819,24
GAGGGGCGGCGGCCCCAGCC,2,0,6,61,494,4336,4900,24
GCTGGAGGGTCCCAGTCTCC,2,0,1,32,262,2111,2409,24
GGGGAGCAGTGGCCGGGCTG,2,0,5,69,796,5027,5900,24
GCTTAACATGCACCAAAGTT,2,0,0,5,73,751,832,24
GCCCCCGAGTCCTCGGAAGG,2,0,1,5,94,819,922,23
GAAAGGCTGGTGAAATGAGC,2,0,1,22,287,2210,2523,24
GCTCCCCTGGCCACCACCAG,2,0,3,38,298,2356,2698,24
GTGACAGCATCCTGGGACCA,2,0,1,20,185,1601,1810,24
GTGCCTAGGAGGTCAGAGGT,2,0,1,23,257,2066,2350,24
GTCTGTGATCTGGGGCCGGT,2,0,1,7,134,1179,1324,24
GCACAAACAGCATTGGGCCC,2,0,0,9,147,1377,1536,24
GGCTGGGCAGCAGCTGCCTG,2,1,10,82,720,4916,5732,24
GCACGTGCTGACACGTAGCC,2,0,0,4,60,542,609,24
GTGCTCCCATCTGATCCCAG,2,0,3,12,147,1262,1427,24
GGCCCAGCTGGCTCTCAGCA,2,0,1,29,322,2230,2585,24
GTGGGCTGGGCACACAGCCC,2,0,2,36,448,3117,3606,24
GGCAAGGCTGGCAGTGTGTG,2,0,2,48,401,3303,3757,24
GTTTGGGGGCTCAGGGAACA,2,0,3,67,551,3566,4190,24
GAGCCTGGGGCCCACTGACA,2,0,2,24,276,2364,2669,24
GCTGTCACTTGGGCTTGCCC,2,0,1,35,211,1319,1569,24
GGCGCTGCGGCAGAAGCACC,2,0,1,21,224,2215,2464,24
GTGCTGGGAGTCAGCTCAGC,3,0,0,22,239,1873,2138,24
GGGCCCCTTGGAGACAGCCT,2,0,0,30,227,1838,2098,24
GGTGGTGCCCACAGGAGAGC,2,0,1,72,361,2219,2656,24
GAAGGGCACTGAGTGGAGTC,2,0,1,18,262,2151,2435,24
GTTGAGCAGGGCTAGGCAGC,2,0,1,27,257,2151,2439,24
GAGGAGACAACGGCTCAGGT,2,0,0,13,259,1905,2180,24
GGCTGACTCTTACCCTGCCA,2,0,0,9,151,1240,1403,24
GCCGCTGCAGCTTGGCTGAC,2,0,1,27,218,1834,2083,24
GGGACATTGAGAGGCTTGGC,2,0,3,14,224,2131,2375,24
GGTAGTGTCGCTCCTGCTGC,2,0,0,4,107,1104,1218,24
GGAAGGGCAGCCTCTCCGCA,2,0,3,24,185,1581,1796,24
GAAACTAGAGCAGTAAAAGC,2,0,0,14,190,1934,2141,24
GCCTGGCTGCCACAGTGAGC,2,1,1,27,307,2029,2368,24
GGGGCCTCTGTGGGCAGTCC,2,0,3,36,345,2497,2884,24
GAACCTTGCAAACTCTTCCC,2,0,2,6,127,1170,1308,24
GGGCTCTGCCCCCCAGCCAG,2,0,5,33,429,3613,4083,24
GGCCTGGGCAGTGGCCTCGC,2,4,2,64,408,2553,3034,24
GCTGGTGAGGACAGGACGGG,2,0,5,36,389,3103,3536,24
GGCGGGTGAGCCCTTGTGGG,2,0,0,15,229,2509,2756,24
GGCTTAACATGCACCAAAGT,2,0,1,3,68,675,750,24
GAGTCCCTGAGGCTGGGGCT,2,1,11,85,640,4609,5349,24
GCTGGAGGTGGCGGTGCTGC,2,1,13,151,1219,9984,11371,24
GCAAACAGGCTGAGCCTGCA,2,0,1,9,215,1644,1872,24
GCTTGGAGACCCCACAGGAG,2,0,2,25,249,1711,1990,24
GTCGCTGGGGATGGGGTGGA,2,0,12,50,699,4794,5558,24
GACCGCCTGCAGGTACAGCT,2,0,0,8,109,962,1082,24
GCCCACAGGACCTGGGTCTA,2,0,1,12,160,1381,1557,24
GTGGGTGGGGAGTGGAAGGC,2,0,9,158,1603,10399,12172,24
GTTTGCATGGAGTGAGAAGC,2,0,1,18,209,1834,2065,24
GTGGACTGCAGAGAGGCCTA,2,0,1,43,2112,4959,7118,24
GGCCGGCCCAGCTCTCCTGT,2,0,3,19,178,1281,1484,24
GGACCCTCCTGGTGTTGCAC,2,0,0,11,159,1560,1733,24
GGTCCCTGTAGGGCACAGTG,2,0,5,30,251,1854,2143,24
GGCAGAAACGTAGGTTTGCA,2,0,0,7,96,986,1092,24
GAGAGCCCGTCAGCAGGCGG,2,0,1,9,136,1397,1546,24
GGGCAGGGGCTGCCAGGGGC,2,1,28,279,1799,9688,11798,24
GAAGCACAACGCCAAGGCCA,2,0,1,22,200,1569,1795,24
GTGTGCAGATGGCAGATGGA,3,0,3,59,464,3252,3782,24
GGAGGGGCTGGGCGCTCGTC,2,0,0,16,240,1889,2148,24
GGCTGCAGTCTGAGGGCTTC,2,0,1,31,314,2591,2940,24
GGAGCTGGGGTCCCCTCCCA,2,0,4,33,302,2158,2500,24
GACCCCCAGGTGAGGAACAG,2,1,1,33,228,1950,2216,24
GGTGCCAGAGACACCCTCCT,2,0,1,17,208,1590,1819,24
GCGGGTGCGAGGTGAGGGCA,2,0,0,46,482,4304,4835,24
GTCCCTGGGGAGCCAGGCTC,2,1,4,60,463,3044,3575,24
GGCCACAGGTGAGTGGAGAG,2,0,2,30,449,3291,3775,24
GGTGAGAGGTTCCGGGCCAC,2,0,0,11,111,1248,1373,24
GCCATGCCCACCTTGTGGCC,2,0,1,23,169,1467,1663,24
GCTCGTGTCCTCTCAGCCTG,2,0,1,17,146,1306,1473,24
GTTCTGCGTGCTGTGGCATA,2,0,1,3,85,891,983,24
GGTCTGTGCACCTGGGAAAG,2,0,1,35,306,2647,2992,24
GGTGCCTGTGACCTTGGCCT,2,3,7,34,294,2138,2479,24
GGGCTGGAGAGCATGGGAGA,2,0,1,81,839,5472,6396,24
GGGCTGGGCAGCAGCTGCCT,2,0,13,108,683,4257,5064,24
GGATGTGGTCCTCATGCCCT,2,0,0,8,184,1474,1669,24
GTCCTGGAGGCCAGGCCCTG,2,0,6,82,816,5391,6298,24
GGCCTCCATCCACCCCTCCC,2,0,2,57,483,3062,3607,24
GGCTCACTCCACCTGGCATC,2,0,1,10,208,1776,1998,24
GGAGGCCAGGCCCTGGGGCT,3,0,6,118,868,6839,7835,24
GCAGCTGCTCTGTCCTGTGC,2,0,3,45,333,2514,2898,24
GATGCTGCAGATGAACCTGC,2,0,2,15,184,1768,1972,24
GTCCTTGTGGAGTCAGGGTT,2,0,1,11,192,1729,1936,24
GCCAGGGGACAGAGTGGCTG,2,1,8,51,714,6419,7196,24
GCTCTGCCTCTGAGAGCCAT,2,1,0,28,244,1997,2273,24
GAGCTGGGGTCCCCTCCCAT,2,0,0,13,193,1699,1908,24
GAGGCAGAGCCACTGGCTGG,2,1,1,59,471,3234,3769,24
GTGGGGTCAGGAGCCTGCTG,2,0,8,65,410,2930,3416,24
GTGCCATGTGTGGCCAGTTG,2,0,0,20,202,1578,1803,24
GACTTGCTGGTGGCCTGTGA,2,0,1,21,179,1678,1882,24
GTGTTCCCCACGGTGGCCAA,2,0,1,3,82,825,914,24
GCTTACAGACGGGCAGGCTG,3,35,153,182,370,2180,2924,24
GTGAAGCTGTCTGTCCATGC,2,0,2,17,122,1348,1492,24
GGTTATCTCCAGGTGACCCT,2,0,1,12,103,1039,1158,24
GGTCCCCTCCCATGGGTAAG,2,0,0,11,127,982,1123,24
GCTGCCTGTCACCCTTCATC,2,0,0,14,149,1253,1419,24
GGCCCATCCAGCCAGGCGAG,2,0,0,9,169,1238,1419,24
GGGCCAGCCCCTCTGTGCCC,2,1,4,42,464,3326,3840,24
GCTGTGCACACCAGCAGGGG,2,1,2,39,323,2430,2798,25
GACCAGGCAGCAGAGAGGGG,3,1,5,68,717,10616,11411,24
GTGGCTCACTCTGCAGCTGC,2,0,1,37,366,2183,2590,24
GTGGGGGTGAGAAGTGGAGG,2,0,9,118,1171,8079,9380,24
GGCATCAGGGGGCCTGGTGC,2,0,1,27,287,2483,2801,24
GACCTGGGAGGCCCAAGTTT,2,0,3,30,589,7330,7955,24
GTCAAAGGCCTGTTCCTCCA,2,0,0,18,153,1379,1553,24
GGTGGGTGGTGTGGCAGTCT,2,0,3,33,357,3705,4101,24
GTGCCCCCAAGGGGTTGTTG,2,0,0,15,114,878,1010,24
GGGTGGACTCTCAATGCTGG,2,0,1,16,300,4398,4718,24
GGTGCCTCCCAAGCATCTCC,2,0,0,15,143,1300,1461,24
GGAGTTTCTGCTAAGAAGGT,2,0,1,11,145,1473,1633,24
GCCCACCCCTTCAGGAGGCC,3,0,5,46,576,6071,6702,24
GTTAAGCAGGCCTCTGCTAA,2,0,0,6,83,916,1008,24
GCGCATTCCTGAAGAGGCGG,2,0,0,8,76,765,852,24
GGAGCCTGCGCTTGCGTCAG,2,0,0,7,78,836,924,24
GTCCCCTCTCCACTCACCTG,2,0,3,32,286,2076,2400,24
GCCACTCTGCTTCTGCCTCA,2,0,4,42,359,3456,3864,24
GATGACTCACTCAGCAGGCC,2,0,1,12,140,1453,1609,24
GAGACGTTGAGAATGTCGCA,2,0,0,1,47,585,636,24
GGCTGGGCAGGGGAGACACA,2,0,8,78,620,4503,5212,24
GCAGCCTGGGTGGGCACCTG,2,0,3,45,407,3013,3471,24
GGGGCCTCTGCAGTCACGCT,2,0,0,16,217,2827,3063,24
GGAAGTGAGCTCCCATGCCG,2,0,0,5,97,1086,1191,25
GCAGCAGGGCAGCGGGGCAT,2,1,6,42,387,2923,3362,24
GGGTCACTCTGGCCTTCATG,2,0,0,10,169,1366,1548,24
GGGCAGGTTTCTGGAGGCTC,2,0,2,24,373,2610,3012,24
GTGGAAAAATGGCCGATTCC,2,0,15,130,444,1744,2336,24
GGGAGGGGCTTGGGAAGGTG,2,0,12,146,1311,8396,9868,24
GTGGCATGTTCTGTAGGCCA,2,0,0,15,151,1265,1434,24
GAGCGCTTGGGGACTCGCGG,2,0,0,1,55,746,805,24
GACCAGCAGGTTATCCTTGT,2,0,0,5,68,731,807,24
GATTAGCCTCATGCAGCCGT,2,0,0,3,40,503,549,24
GGCAGTGCAGCCTCCACACC,2,1,4,34,368,2786,3196,24
GGCTCACCCGCCAGAGCTCG,2,0,1,3,75,1049,1131,24
GTGGCAGGAATGGCCTGAGG,2,0,1,31,365,2860,3260,24
GGCTCCCCAGCTGAGGCTGA,2,0,0,30,301,2154,2488,24
GAGCCTGCTGTGGGCTGGCC,2,0,4,57,481,3625,4170,24
GGGCCTGGTGCTGGGGTGGG,2,1,23,238,1916,14255,16436,24
GGCGACCATCCTGTGAAGCC,2,0,0,5,100,1224,1332,24
GGGGCTTGGGAAGGTGGGGA,2,1,17,194,1674,11315,13204,24
GCAGTGGAGGCCTAGGGTGA,2,0,1,23,306,2665,2998,24
GCCTCTGAGAGCCATGGGAC,2,0,2,17,238,1765,2025,24
GCTCGGGGAGAGGCCCTGCA,2,0,2,14,244,1801,2064,24
GCCTGCGGGGCCTCTTCTGC,2,0,3,21,172,1434,1633,24
GGTGGCTTGTGTTAGTCAGA,2,1,1,4,121,1193,1323,24
GGCCACTCATGGGCTAAGCC,2,0,0,9,110,1195,1317,24
GATTGCATTCACATAAACAG,2,0,0,16,158,1490,1667,24
GGGCCTGGGCACCCAGCGCT,2,0,4,22,298,2574,2901,24
GCTCACCTCTGGGGGCTCTG,2,0,3,35,400,2631,3072,24
GGTTCAGCATGGCCAGGCCC,2,0,3,34,303,2137,2480,24
GCCCATCCCATGCCCCAGAA,3,0,2,22,235,1751,2014,24
GCTTGGTCCTGCTGTCGATG,2,0,0,9,118,1179,1309,24
GCCTGTGGTGCTGGTGGCAC,2,1,4,91,521,3412,4032,24
GTCAGCTCTGGGCAACAAAG,2,0,1,12,199,1645,1860,24
GCTGGGGCAGGGACGAGGAG,2,0,10,114,1060,6986,8173,24
GCATGGTGGGCAGTGGTCGG,2,0,3,19,283,2407,2715,24
GCAGCCCTCACTTCAGGAGA,2,0,0,37,280,1747,2067,24
GATGGGGCCTTCCTGGGCCC,2,0,2,43,364,2881,3293,24
GAGCCCCCAACACACATTCC,2,0,1,12,162,1220,1398,24
GTCCCCCATTCCCCAAGGCT,2,0,4,24,195,1679,1905,24
GGCCAGGGGAGCAGGAGGTG,2,1,13,154,1475,11162,12808,24
GCTTGTGGGGTGAGAAGTGG,2,0,3,36,415,3996,4453,24
GGGCTGCTGAGGCAGGACAG,2,0,30,1324,66652,49642,117651,24
GGCTGCCTTTCTGGTCACAC,2,0,0,14,189,1452,1658,24
GGGATCAGATGGGAGCACCA,2,0,4,20,215,1877,2119,24
GGCTGCCCTGCTGATGTCCA,2,0,1,24,263,1890,2181,24
GGCAGCAGTTAGCAGCAGCT,2,0,0,23,257,1935,2218,24
GGTGTCTAGGAGGGACCCTT,2,0,2,9,116,1020,1150,24
GGGGCATGGTGGGCAGTGGT,2,0,16,363,3007,9971,13360,24
GGCCCCTGAGGCTCCCCTGC,2,0,6,51,378,2341,2779,24
GGGCCTAATGAGCTCATTCA,2,0,0,9,83,824,919,24
GAGATTTCTTTAGCCAGGCC,2,0,0,13,214,1935,2165,24
GGGGAGGGGGCAGCCAGCAG,2,0,15,159,1313,9395,10885,24
GCGAGAGGACCAGTGTGGCC,2,0,1,22,199,1666,1891,24
GACGGCCAGGCTCTGCCCAC,2,0,0,27,208,1566,1804,24
GGAGGGGACGGCTTTGTGGC,2,0,0,18,211,1862,2094,24
GGAACAGTGGTTTATTGACC,2,0,0,8,110,1081,1202,24
GAGAAGTGGAGGGTGAGAAT,2,0,0,51,591,4516,5161,24
GGGAATACAGAGTTATCACT,3,0,1,8,143,1183,1339,24
GGACGGGCCCTGCGGCTCCG,2,0,2,14,175,1465,1659,24
GCACCAAGGCCACCAGCTGT,2,0,1,21,216,1379,1620,24
GGACACAGCAGCTGTGGGGA,2,1,21,119,1306,4355,5805,24
GATGGCACTGCCTGAGGATG,2,0,1,35,280,2074,2393,24
GCAGAGACCCTGGGAGTGTC,2,1,7,37,296,2321,2665,24
GGACACACATCTCTGATGCG,2,0,0,7,78,898,986,24
GGCCCCAGCAGCCCTCCGTC,2,0,1,19,232,1744,1999,24
GTGGCCCCAAGAATCCCACT,2,0,0,11,113,995,1122,24
GGAGAGCCAAGAGGCACCCG,2,0,1,23,180,1683,1890,24
GCCGCTGGAGCCAGGCCCTT,2,0,2,15,200,1813,2033,24
GAGGGTCCCAGTCTCCAGGC,2,0,4,23,307,2420,2757,24
GAGACAGGGTTTCACTGTAA,2,70,1387,11399,60256,112730,185845,24
GACCGGCATGCTGGTCGTGG,2,0,0,4,101,1110,1218,24
GGGAGGGAGTGAAGGTACTA,2,0,2,45,1690,8117,9857,24
GAATGGCAGGAGCTGGAGGT,2,0,7,66,697,4951,5724,24
GGGAAGGCGGAATCTGGGAG,2,0,1,29,388,3247,3668,24
GAGAGGAAACCGAGGCTCTA,2,0,2,45,376,2143,2569,24
GGGGACAGAGGCCAGGTCTG,2,0,8,95,689,4552,5347,24
GGGGGTACAAAGGCAATGGT,2,0,3,20,172,1355,1553,24
GGACAGATTGCTGGCAGGGG,2,0,0,36,301,2577,2917,24
GCCATGGTAGCAGAGACCTG,2,0,2,75,1050,5294,6424,24
GCCCACTAGCACTGTGGCAA,2,0,2,17,150,1102,1274,24
GTCAGGCCTCAGCCTCCCAC,3,0,3,67,684,3561,4319,24
GTCCTGGGTGAGAAAGCAGG,2,0,4,38,324,2623,2992,24
GGGGCGCAGTGCGTACAGTG,2,0,0,11,78,911,1003,24
GTTTAGCCTGGGCCTCAGGG,2,0,3,18,178,1905,2107,24
GAGGGAAGGAAGCCAGGGAG,2,0,28,434,2692,12334,15491,24
GGGCTCACCCGCCAGAGCTC,2,0,1,6,204,3831,4045,24
GAGCTTAGGTGAGGCCTCGG,2,0,1,8,135,1074,1221,24
GTGACCCAGCGTGACTGCAG,2,0,3,37,817,3909,4769,24
GGAGCCTTGGTCTGTGCACC,2,0,5,97,2819,43922,46846,24
GGGTGGCAGGAGAGGCCTGG,2,2,7,174,1534,8286,10006,24
GGCGCAGGCGCTGGTTGTAC,2,0,0,6,60,686,755,24
GGCTTGGGCCGCCGCCCTCC,2,0,2,14,226,1649,1894,24
GCAGGACTGGCTGAGTCCCG,2,1,2,26,280,2276,2588,24
GTCAAATCCAAGAGGAGAGA,2,0,2,17,275,2438,2735,24
GGGCCTGGCCATGCTGAACC,2,0,1,25,238,1829,2096,24
GCCTCGGCGGGTGCGAGGTG,2,0,1,14,153,1500,1671,24
GGCTTCCAGAAGGCCTGGAG,2,0,0,32,324,2498,2857,24
GCAGGGAGATCTCGAGGTGG,2,0,2,15,334,3300,3654,24
GTCCAGCACCCTGGGTGGCC,2,0,2,47,600,5836,6488,24
GTGGGCTCTCCCGTGGGCCT,2,0,1,22,195,1772,1993,24
GCACCCTGCCCTGCTGAGAG,2,0,3,39,358,2544,2947,24
GGCTGACCAGCAGAGCACAC,2,1,1,9,179,1697,1890,24
GCAACACTGTCGCCAGCTCC,2,0,0,9,136,1171,1319,24
GGAGTCCCTCTGCCCAACTT,2,0,1,6,133,1585,1728,24
GCCATTCCAGAACAGTGTCC,2,0,3,5,108,1033,1152,24
GGGGACTGTGGACTCCCAGC,2,0,2,28,230,1883,2146,24
GGAGAGAGGAAGCCCTGCTG,2,0,6,64,579,3488,4140,24
GGCCAGGGAGGGGTGGATGG,2,0,12,120,1218,8858,10211,24
GGGCACTTCCAGGCTGAGGC,2,0,5,50,440,3943,4441,24
GAGTGGGGAACAGGATTGGG,2,1,5,36,398,2980,3423,24
GATGGGCGTGCGGCTGATGG,2,0,0,24,213,2096,2336,24
GGTGCTGTCAACAGCCAGCA,2,0,2,23,231,1575,1834,24
GCCCTGGGGCACAGGCCAAT,2,0,0,16,207,1582,1808,24
GTCCTGTGGGAACCACTAGG,2,0,0,4,111,1068,1186,24
GGGGGCTGGTGGCAGCTGTG,2,1,4,144,1669,8679,10500,24
GGACCCATTTAGGGTGTGGT,2,0,1,8,95,911,1018,24
GACTGGGGCTAGATGTGTCA,2,0,2,11,133,1093,1242,24
GCTGACAGGACTGAGTTTGC,2,0,1,23,155,1324,1506,24
GGACCAGTGTGGCCAGGCTG,2,0,6,48,449,3232,3738,24
GGTCCAGGAAAGAGCCCCTT,2,0,0,14,144,1240,1401,24
GTGCTGGGAAGGGAAAAGTG,2,30,86,166,734,5018,6037,24
GCCAAGGCTGAGGCTGGGTG,2,0,9,118,960,5637,6727,24
GACAAGAAACAGACCTTCGA,2,0,0,6,97,1080,1186,24
GATACCCTGGCGCCAAAAAG,2,0,0,2,80,796,881,24
GGCCAGAAAACCATGATGTT,2,0,1,9,149,1317,1479,24
GGCCCTGGCTATGGGGCAGG,2,0,3,46,487,3280,3819,24
GACAGGGAGCTGTGCAGGGT,2,0,3,43,436,3159,3644,24
GGCGGTCCACAACCCAGAGC,2,0,0,7,119,867,996,24
GAGGGCAGGGAGAGGCCTGC,2,1,9,139,824,5392,6368,24
GGACAGCGCTGGGGTGGACC,2,1,0,31,282,2358,2675,24
GATGGTGGCCTCCCACAATG,2,1,16,201,1068,2603,3892,24
GGCTCCGCCCTCCCGGGGCC,2,0,1,50,419,2849,3322,24
GGGGCTCTGCCTGGTGCAGG,2,1,3,48,529,3445,4029,24
GGGCAAGCCCAAGTGACAGC,2,0,0,8,185,1321,1517,24
GAGGTTTAGCCTGGGCCTCA,2,0,0,13,222,1887,2125,24
GGATCTGTTTCCTCAGTCCC,2,0,1,26,179,1725,1934,24
GAAAGCCAGAGGGCTTGTGG,2,0,3,33,394,3228,3661,24
GAGCTCTCCCTTCCCCAGCA,2,0,3,34,290,2200,2530,24
GAGAGGTGTGAGTGAGAGGT,2,0,5,77,665,4637,5387,24
GCCCCTGCCCTCGCCCTCTG,2,0,4,72,1119,4933,6131,24
GGAGGCAAGGTGGGCGTGGG,2,1,6,64,788,5586,6448,24
GTCTGAGGACAGCGCTGGGG,2,1,2,25,335,3749,4115,24
GGCTTCCTGGTGTGAACAGA,2,0,2,18,188,1550,1761,24
GATGGCAGTGACAGCATCCT,2,0,0,26,292,1863,2184,24
GTGAGACTGTACAGAGGTCG,2,0,1,7,81,967,1059,24
GCCCGGCGCATGACCAGCTC,2,0,0,7,86,2108,2204,24
GTGGGAGGCCACCATCACCT,2,0,2,7,162,1357,1531,24
GAGGGCCCAGGGCCTGTGGA,2,0,4,81,593,4074,4755,24
GCGGGTGCTGTGCATTACAG,2,0,1,5,58,738,805,24
GGCAGGGCTGCAGAGAGGGC,2,0,13,159,1149,7598,8922,24
GGTGGGAGGATGGAGGAGGC,2,1,29,328,2196,11864,14421,24
GCCTTGCCTGCTCCACGGCC,2,0,0,15,220,1931,2169,24
GTGGGAGGGGCTGGGGAGCT,3,0,19,158,1486,9456,11123,24
GGGTGCACACACGGACTCTG,2,0,2,10,141,1132,1288,24
GCAGGCAGGAGTGCCCAGGA,2,0,11,79,623,3910,4626,24
GGCAGGCCCAGTGGGATTCT,2,0,1,18,203,1602,1827,24
GGGCTCTTTCCTGGACCCTG,2,1,5,43,316,2387,2755,24
GAGCTGGAGGGTGGCTTCAG,2,0,4,29,350,2608,2994,24
GCCTGAGGAGGAGCCCTGCG,2,0,4,26,339,2110,2482,24
GGTAGCAGAGACCTGGGGAG,2,1,1,47,562,4091,4705,24
GCAGGAAACGCCTCCCTTCC,3,0,3,15,160,1411,1593,25
GCAGCAGAGGCCTCTACCTG,2,0,1,23,224,1753,2004,24
GCGTGCATCAGCAGCGGGGT,2,0,0,9,79,757,848,24
GGGTGCCTGTGACCTTGGCC,2,1,3,38,304,2102,2451,24
GACAGGCTGTGTGCAGCTCC,2,0,2,38,269,2339,2651,24
GGACTGACGGCAGACTCACT,2,0,0,5,67,757,832,24
GACACAGCTCCGGGCGGCCA,2,0,2,10,154,1272,1441,24
GTCAAGCTAGGCTGTGTTGT,2,0,1,5,98,945,1052,25
GGGGTCAGAATTCCCCCGCT,2,0,0,7,101,2401,2512,24
GCAGCCTGGTCAGTGTCCTG,2,0,3,20,245,1939,2210,24
GCTGGCAGTGTGTGAGGGGA,2,0,5,48,632,4461,5149,24
GTTCTGGGAGGAGCAGGCTT,2,0,2,35,407,2839,3286,24
GTTCTGACATCCCAGCACCC,2,0,1,22,357,5263,5646,24
GAGCTCCAATGTCATGCTCA,2,0,0,20,166,1496,1685,24
GGGGCGTTGGCGGCAGTAGA,2,0,0,8,121,1292,1424,24
GATGGGAGCACCAGGGCTCT,2,1,1,26,250,1967,2248,24
GCCCCATCCTGCTGTCACTT,2,0,2,22,189,1488,1704,24
GCCCTGAGAAGACAGAGGGG,2,0,4,53,495,4048,4603,24
GAAATAAAGATGCCTCAGTG,2,0,0,22,247,2017,2289,24
GAGGTGGCGGTGCTGCAGGT,2,0,3,42,416,3517,3981,24
GATGGGTGCCTGCTTTAGAC,2,0,3,14,104,971,1095,24
GAGGGGAGATGCTGGCAGGA,2,3,3,86,1169,7271,8535,24
GGCAGAGGGACTCCTAGGGA,2,0,0,13,271,1981,2268,24
GGCACAGGGAAGCCCGAACA,2,0,1,16,235,1647,1902,24
GCCCCTGTTGCCTGTCTGCT,2,0,2,27,248,1822,2102,24
GTGGGCTGGGCCCTACTGCT,2,0,2,21,204,1456,1686,24
GGGTGTCTCAGGAGAGGTTC,2,0,1,14,205,1641,1864,24
GCCGGGCCTGCCTGGTTCCC,2,0,0,38,284,2409,2734,24
GTGGATGTGGAAGGTGGAGG,2,0,13,143,1406,9015,10580,24
GATGCGCAGGCAGTGGCTGG,2,0,2,24,321,2529,2879,24
GCCTGGGGAGGTGCAGCTCA,2,0,0,42,383,3203,3631,24
GTCAGGGGCAAGAATGCTGC,2,2,2,22,191,1637,1857,24
GCAAGGGAAGCCAGGAAGGG,2,3,9,194,1831,12112,14152,24
GGCCCACTAGCACTGTGGCA,2,0,0,7,122,1029,1161,24
GCTGAGGCAGGACAGGGGTC,2,1,7,66,730,4935,5742,24
GGGAGGGAGGCTGCAGTCTG,2,0,8,74,756,5043,5884,25
GTGGGCTGGGCTGCTGAGGC,2,0,10,116,804,8047,8980,24
GGCACATCCCAACCTGCACT,2,0,2,9,118,1140,1272,24
GGACCTTCCCCCACCTTCCA,2,0,3,25,315,3442,3788,24
GCAGATAGGGGAAGCTAGAA,2,0,16,26,212,2191,2448,24
GGGGGTTTCCTCTATGGGGC,2,0,2,20,169,1561,1755,24
GGGTCCCTGCCCTGGGTGCT,2,0,4,44,440,2914,3405,24
GTGTGTACCACAGAGGGTGA,2,0,0,18,178,1619,1818,24
GTCCCACTGTAGCTGTGGTC,2,0,0,10,107,1053,1173,24
GCAGCCCCCAGCAGCCCATG,2,0,4,37,322,2377,2743,24
GGGTTCATGTCCTGGGGTTG,2,0,2,20,316,2418,2759,24
GGGCCGGGCCGGCGAGCAGG,2,0,4,66,641,3808,4522,24
GCGGAAGGAAAATCAATGCT,2,0,1,11,156,1762,1933,24
GCACCCCAAGGCTGTCTCCA,2,0,2,25,216,1585,1831,24
GACCCTCTGGGCCGATCTCC,2,0,0,8,90,865,966,24
GCCCTTGTCTGGCATTTGTC,2,0,1,12,132,1257,1405,24
GCTTCTCCTGCTGATTTGGC,2,0,0,9,173,1476,1661,24
GGGCCCCCTGCCCCATAGCC,2,0,1,24,346,2520,2894,24
GGCAGGCAGGAGTGCCCAGG,2,0,6,58,547,4146,4760,24
GTCTACACCAGTCAGTTCCT,2,0,0,6,81,858,948,24
GAGCAGTGGCCGGGCTGGGG,2,0,4,91,745,4914,5757,24
GACCCGTGGTGGCGGGAGTG,2,0,2,12,193,1893,2103,24
GGGCAGAGCTGAAGCCTGCA,2,0,4,59,414,2784,3264,24
GGGACCACCCAGTCTAAAGC,2,0,1,10,111,940,1065,24
GACCCCCAGGACACGGAGGC,2,0,2,19,276,2711,3011,24
GGTGAGACTGTACAGAGGTC,2,0,0,10,160,1455,1628,24
GAGCTCACCTCTGGGGGCTC,2,1,4,25,260,1896,2189,24
GTGGACGGAGCATGGGCAAA,2,0,2,11,158,1625,1799,24
GAGGAAAGGAGCATTCCTGA,2,0,2,19,257,2064,2345,24
GTCCTCAGCTGGCACCCACC,2,0,1,13,209,1717,1943,24
GCTGTCCTGGGCCTGTGGCC,2,0,9,49,484,3237,3782,24
GCCAACACCAGGGCACAGAG,2,0,2,29,402,3831,4267,24
GGCCCTCATGACCGGCATGC,2,0,0,7,78,731,819,24
GGGAGGAGCCAGGGACCCTG,2,0,8,122,743,4861,5737,24
GCGCAGCGCCCTGCTGAGCT,2,0,1,12,366,1525,1907,24
GGTGCTGAGCAAGCTGACCT,2,0,3,14,203,1971,2194,24
GAGTCCCCTCCGTGCTGGCC,2,0,0,13,152,1322,1490,24
GCTTCTCTGCCCTGTGGGGC,2,0,5,35,367,2473,2883,24
GCGCCCCGAGGCTCTGGGTC,2,0,0,22,187,1430,1642,24
GGGTGGGGGTGCAGCTGGGT,2,1,13,129,1143,6740,8029,24
GGCCGCTGTGCTGCCTGTCC,2,0,3,30,249,1998,2283,24
GTTCCGTTTCCCAGATGGAG,2,0,0,6,84,976,1069,24
GGGACTGAGGAAACAGATCC,2,0,1,19,246,2115,2384,24
GGTCATCAGGCCTCTCTGGC,2,0,1,21,156,1317,1498,24
GCGGAATCTGGGAGGGGAGG,2,0,7,49,526,4321,4906,24
GAGGGGCAGCTGAAGCAGTG,2,0,12,405,1144,3994,5558,24
GCAGAGGGACTCCTAGGGAT,2,0,0,16,156,1318,1493,24
GCTCCCCAGCCCCTCCCACA,2,0,4,71,608,3782,4468,24
GGGCTGGAGCCCCTGGTCAA,2,2,4,27,231,2060,2327,24
GTCTGTTGAGTGGGGAGGCC,2,0,1,19,237,2020,2280,24
GCAAGGCTGGCAGTGTGTGA,2,1,1,31,332,2584,2952,24
GGGGCCCCCATCCAAGCCCC,2,0,3,34,306,2386,2732,24
GGTGACTCAGACCAAGTCCT,3,0,2,13,141,1247,1407,24
GCAGAGCACACTGGAGAAGG,2,0,1,35,476,3152,3667,24
GCCCTGCCCTGAGAAGACAG,2,0,2,35,350,2328,2718,24
GGGCGGGGTGGGGTGGGGTC,2,13,220,816,3870,18384,23306,24
GTCAGTCTCACTGCAAAGTG,2,0,4,7,171,1240,1425,24
GCATGACCAGCTCTGGGTTG,2,0,1,22,179,1718,1923,24
GCACCCCGCGCACCTGCTCG,2,0,2,9,120,920,1054,24
GCTTTGATGAATAAGAGATG,2,0,1,17,209,1919,2149,24
GCCTCCGGCTCCGCCCTCCC,2,0,1,47,455,5120,5626,24
GCTCCTACAAGAGCAAGGCT,2,0,1,3,140,1079,1226,24
GGGGGAAGCTGTGTCCACTG,2,0,2,27,331,2199,2562,24
GATGTCTTGCCCCTGTCTGT,2,0,0,13,147,1280,1443,24
GCTCTCAGCTGCAGGAACAG,2,0,6,36,281,2301,2627,24
GGTCAGCCTAGGACCCGTGG,2,0,0,4,57,682,746,24
GCAGGCATCAGGAGCGCTTG,2,0,1,16,274,2943,3237,24
GTGCTGCAGCCCCAAGGGAT,2,0,2,27,183,1597,1812,24
GCAGCCCAGCAGAGTCCTGC,2,0,7,41,345,2493,2889,24
GGTTCTGAGAACCAGGGGAG,2,0,1,32,330,2493,2859,24
GCTGGGGCTGGGCTGGGCAG,2,6,45,335,1915,10133,12437,24
GTGTGGGACACAGCAGCTGT,2,0,1,36,274,2018,2332,24
GGGAGGGAGTGGCCAGCCAC,2,0,2,40,443,3061,3549,24
GACATTGGGAGTCAAGACTT,2,0,0,15,130,1404,1552,24
GTGGGACCTGCTGGAATAAA,2,0,1,23,164,1501,1692,24
GAGGCCTAGTGAGTCCCACC,2,0,0,8,90,888,989,24
GCCCTGAGGTACATCGCATA,2,0,0,3,36,388,430,24
GAGCCCTTGTGGGAGGGGCT,2,0,3,80,981,6616,7683,24
GACCAGCATGCCGGTCATGA,2,0,0,5,89,995,1092,24
GAACACTGTTGGGGAAAAAT,2,0,2,21,246,1977,2249,24
GAGATCCTGTGCTGGCATCT,2,1,1,20,158,1599,1782,24
GTTCCTCTCAGCTTGTAATC,2,0,0,7,80,895,985,24
GTCAACCTTGGCCTTGGATT,2,0,0,11,92,1004,1110,24
GGCAGGTCACTTGAGCCCAG,3,45,325,1523,3640,7399,12936,24
GGTGCCTGCTTTAGACTGGG,2,2,2,23,232,2595,2857,24
GGCTCAGCAGCGAGAACTAG,2,0,1,4,111,987,1106,24
GCAACAGCCCAAGAGAAAAA,2,0,5,48,484,3138,3678,24
GGCAGGCCTGCTGGGCTTCC,2,1,5,44,585,4334,4972,24
GGCAGGGACACTGGTGAAAC,2,0,4,57,1107,11942,13113,24
GATGCACAAGACAGATGACT,2,0,3,14,153,1421,1594,24
GAGGCTGGGTCTTCACCTAT,2,0,1,14,129,1201,1348,24
GCGCCACGAGCAGGTGCGCG,2,0,0,13,101,800,917,24
GTCAGATTCTCTTCTGAGCC,2,0,2,12,189,1895,2101,24
GGTGATGGCCTGGGCGGGGG,2,0,5,67,741,5959,6775,24
GGGGCTCTGGAGGAAGTGGG,2,1,8,65,675,4988,5740,24
GCCTGGGAGCTTGCATCAGC,2,0,0,14,120,1375,1512,24
GCAGAATGTGGGGTGCTAGG,2,0,2,22,213,1816,2056,24
GGCAGGGGCTGCCAGGGGCA,2,1,20,167,1161,7136,8488,24
GGCCTATGGGGATCCTGCAA,2,0,1,14,84,892,994,24
GTTCTCAGAGTGGCCGTGTC,2,0,0,5,109,1409,1526,24
GCCCAGTCAGCAGAGCCAGG,2,0,4,48,313,2533,2901,24
GCAAAGCTGTGTCTGTCATG,2,1,2,23,211,1670,1910,24
GGCCAGCACTGCCCAGCACT,2,1,1,35,341,2945,3326,24
GCACACATGGGCCTCGGGAC,2,0,0,12,166,1808,1989,24
GGCAGTGGAGGCCTAGGGTG,2,0,5,57,502,4306,4873,24
GGCTCTGCTCCCACCATGGC,2,0,3,33,299,2026,2364,24
GCTGCTGGCGCGCCACGAGC,2,1,1,15,119,1012,1151,24
GTGTGAGGTGGGGAACGATT,2,0,1,10,182,1568,1764,24
GCCAGCACTGCCCAGCACTC,2,0,3,38,383,3407,3834,24
GCTGAGCCTGCAGGGTGGGG,2,1,7,82,783,5991,6867,24
GGGAGATAAAAAGTATGAGT,2,0,2,19,272,2776,3072,24
GGCCAGACCCTGGGCACCCT,2,0,4,45,333,2436,2821,24
GCAAGCTCTGGGGGGCATCG,2,0,0,9,133,1195,1340,24
GCAGGCCCAGTGGGATTCTT,2,0,0,13,124,1194,1334,24
GGAGGCCTAGGGTGAGGGAC,2,0,2,42,500,4404,4951,24
GGCTCACTCTGCAGCTGCTG,2,0,1,39,399,2772,3214,24
GACGGCGATGTGGAGGCTTT,2,0,1,3,75,811,893,24
GGTGGCGGGAGTGCGGAGGA,2,0,6,90,857,5730,6686,24
GGTCTTTGCTCCACACATTC,2,1,2,19,147,1132,1304,24
GGCCGTCCATGCTGGGATGG,2,0,0,10,157,1323,1493,24
GGACATGCCAGGCTGGCACC,2,1,3,20,249,1861,2137,24
GGGCCTGAGTGGGACACTGG,2,0,1,39,286,2293,2622,24
GGATGTCTTGCCCCTGTCTG,2,0,0,8,141,1311,1463,24
GGGGTTTAAGAATGAGGGTC,2,0,1,13,587,20374,20978,25
GGAGGCCAGGCTGCCTGCAG,2,1,8,112,759,5108,5991,24
GCCTGTGGCTATGGTGGGAC,2,0,0,21,212,1851,2087,24
GGTGCACTGACAGCACTTGT,2,0,0,1,111,938,1053,24
GCTAGGCAGGGACTCAGGGG,2,0,2,45,384,2955,3389,24
GGGCTGGGGCCCTGGAAGGT,2,0,5,75,679,4163,4925,24
GCTAACATCCCTGAGCAGTT,2,0,0,8,120,1074,1205,24
GGAACAGTGGCATGTTCTGT,2,0,3,16,161,1623,1806,24
GCCCTGGCACAGGGTTAGTG,2,0,2,6,177,1424,1612,24
GTGAGGACCTTCTTGGTGAG,2,0,4,55,399,2090,2551,25
GAACCCCTGCTCCAGTGCAC,2,0,0,21,177,1656,1857,24
GCAGTCATGGTGATAGCTTG,2,0,1,10,111,1238,1363,24
GTTGACCTCATGGCCTGAAA,2,0,0,17,176,1721,1917,24
GTGGCTCTCTTCTTGCCTTT,2,0,0,45,310,2191,2549,24
GCTTCTGCCTCATGGTTCTG,2,0,2,28,269,2268,2570,24
GCAGCCGGGCTCTCTCCTCT,2,0,0,18,236,1539,1796,24
GTCCTCACTTGCCCATGGGA,2,1,0,9,162,1255,1430,24
GGCTGCTTAGGGGCTCCCAC,2,0,0,9,161,1191,1364,24
GTGCAAGCTCAGCGAGGCCA,2,0,1,20,235,1949,2208,24
GTGCAGGCCTGGACTGAGCC,2,0,0,31,329,2433,2796,24
GAGGCGACCCTGTGTGCAGA,2,0,0,13,150,1281,1447,24
GTTGGGGTTTCGGTGCAGGG,2,0,0,17,176,2300,2496,24
GGCCAGGGCCAAAAGTCACA,2,2,0,21,180,1536,1742,24
GCCCTGCTGCCCCGCAGAAG,2,0,1,24,258,1554,1840,24
GGTGTTGCACCGGCTGCACA,2,0,0,4,76,785,868,24
GACCAGGAGCCAGCTGGGGC,2,0,4,70,547,3603,4227,24
GGCACGTGCAGGGCCTGCCG,2,0,1,40,334,2008,2386,24
GCTGGAATAAATGGTGCTGA,2,0,4,15,199,1696,1917,24
GTCTTCCTCACCTGCACCAT,2,0,1,31,243,1927,2205,24
GACCAGTGAAGGAGAGTGGA,2,0,1,29,364,3189,3586,24
GAGCTCAGCCTCCACTGAAA,2,0,2,12,140,1298,1455,24
GGTCACGGTTCTGCCACGGC,2,0,0,3,52,701,759,24
GCCCAAGACACCAGTGGGGT,2,0,2,17,168,1400,1590,24
GCAGCCTCCACACCAGGCAG,3,0,4,29,398,2859,3294,24
GAGTACAGGTAAGAGGCACA,2,0,3,31,479,5046,5562,24
GGCTTTAAACCTATGAGATA,2,0,2,10,151,1392,1558,24
GGGCTGCTGGGGCCAGCATG,2,0,7,56,548,3319,3933,24
GACTGCACCTGGGCCCAGGA,2,0,4,59,379,3148,3593,24
GGATGCAGCTGGCCCGGTCC,2,0,0,22,203,1720,1948,24
GGCGCAGGGGGTGGGAGAGT,2,0,11,72,766,6745,7597,24
GCTCAGAGGCCCTGGCTATG,2,0,2,21,272,1775,2073,24
GCCCCGCCCCAGGACTTGTG,2,0,1,16,131,1270,1421,24
GGCACCCGGGGGCCCAGGGC,2,0,7,81,627,4342,5060,24
GCAGGTTGGGATGTGCCCGG,2,0,0,11,178,1634,1826,25
GGGATCGTACAGTGCACCCC,2,0,0,3,51,653,710,24
GCTGGTGCTCAGAGGCCGTG,2,0,1,27,228,1763,2022,24
GTGTGGGGCTCTGGAGGAAG,2,0,5,63,552,4069,4692,24
GTCTAGAACCACTTACCCAT,2,0,0,5,44,553,605,24
GCATGAGGATGCAGCTGGCC,2,0,3,21,248,2293,2568,24
GTGTCCATCTGCTCCAGGAT,2,0,0,12,148,1308,1471,24
GGTGCCGTCGAGAAGCGCCA,2,0,0,1,39,428,471,23
GAGGAGTAAAGGGGATGGAC,2,0,1,34,558,3617,4213,24
GTGCAGGGGTGTCCTTGGCA,2,0,1,23,256,1926,2209,24
GCTGAGCCATCCGTTCCAGC,2,0,0,6,107,793,909,24
GCAGCGCCTGCCTGAGCACT,2,0,0,23,219,1750,1995,24
GCTATAAGGTGTTGGACTAC,2,0,0,3,68,638,712,24
GCAGTGGCTAAAGATGACAG,2,0,0,21,209,1895,2128,24
GTGGGCCCCAGGCTCAGTCC,2,0,8,35,327,2487,2860,24
GTGACCAACAGGCCAGACCC,2,0,1,13,143,1328,1488,24
GGGAGTGCGGAGGATGGTGG,2,0,3,73,821,6254,7154,24
GAGTGCCACCTGGAAGGTGC,2,0,1,20,230,1910,2164,24
GAAGCTAGAAGGGGGTGGAG,2,0,13,64,525,3944,4549,24
GCCCCCGACCCAGAGCCTCG,2,0,0,23,174,1550,1750,24
GCCCCTTGGAGACAGCCTTG,2,1,0,16,170,1541,1731,24
GGAATGGGAGCTACTTGGTG,2,0,0,15,176,1732,1926,24
GGGCTGGTGTTAGCTGGGTT,2,1,2,44,366,2597,3013,24
GCTGCTGGGGTTGGCCTGGT,2,1,6,34,362,2594,3000,24
GGCCCTGGAATGTGTGTTGG,2,0,4,36,258,1983,2284,24
GAAATTCTTTGGAATGTTGG,2,0,1,17,264,2843,3128,24
GACCAGGAGGTGGAGAAGAA,2,0,7,75,907,5790,6782,24
GGGGCTGGTGGCAGCTGTGT,2,1,10,146,1194,5629,6983,24
GACAATAAAAGCCCCTAGTC,2,0,1,6,92,994,1096,24
GCCCTGTGGGGCAGGCTGCT,2,0,1,40,406,2941,3391,24
GCCCAGCACTCGGGAGCTGG,2,0,3,32,392,3374,3804,24
GGGACCCAGGAGGCCACTCA,2,0,0,36,280,2091,2410,24
GAGGCTGGGCGGAATTGGCC,2,0,0,11,154,1622,1790,24
GAACAGCCCTGCTGGAGGCA,2,0,2,33,273,2340,2651,24
GAACCTCTCACCGGGAGCCT,2,0,0,7,88,812,910,24
GCAACAATTTGCCACAAGTT,2,0,3,29,242,1627,1904,24
GGGTGGCTTGTGTTAGTCAG,2,0,2,8,118,1122,1253,24
GTGAGTGACCAGGAGCCAGC,2,0,0,33,285,1965,2286,24
GCCTGTAGTCTCCGCTACTT,10,1757,40127,174656,265118,229547,711216,24
GCATGGCCTTGCCCATCCCT,2,0,3,33,243,1818,2100,24
GTTGGGGCAAATGCAGCATC,2,0,1,8,125,1446,1583,24
GATGGCAGCCGCATCAGGCT,2,0,1,6,126,1199,1335,24
GGAGGGCAGGGAGGGAGTGA,2,6,253,5110,17026,38060,60458,24
GCTGGACAGGCCTGAGCTCC,2,1,6,46,324,2647,3027,24
GTGTGGGTCTGGCAGGGAGC,2,2,3,76,661,4132,4877,24
GAGCGGGAGGCCCTGCGGGA,2,0,1,21,301,2430,2756,24
GATCGGCCCAGAGGGTCCCT,2,0,0,4,93,830,930,24
GCCTGGTGAAGGAGTTGCCC,2,0,2,20,230,1599,1854,24
GCCACCAGCCCCCGAGTCCT,2,0,0,22,206,1871,2102,24
GAGGCCAGGCCCACAGACAG,2,0,1,38,331,2597,2970,24
GATGAGAGGAGCCCCTCCTG,2,0,2,19,195,1602,1821,24
GCTGGGCCAGGATGGTGTCT,2,0,3,31,370,2625,3032,24
GGCCTCTCCCCGAGCTCTGG,2,0,3,27,230,1609,1872,24
GGGGAGGGGCTTGGGAAGGT,2,0,15,175,1207,7549,8949,24
GCTCCCACAGGTCTGGCTGT,2,0,0,14,248,1797,2062,24
GGAACAGGGGGAGGGCAGGG,2,1,24,219,1872,13103,15222,24
GTGTGCCCAGGAACCTGTTT,2,0,1,10,103,1159,1276,24
GGCTGTGGCCACCACCTAAG,2,0,3,18,116,1108,1248,24
GGGTCGCTGACCCTGAGCGT,2,0,0,5,68,689,765,24
GAGTGGTGGCGCTGGGACCT,2,0,2,24,261,2170,2460,24
GGAAAGAGCCCCTTAGGTGG,2,0,0,10,160,1418,1591,24
GCTGTCAGCAGGAGTGGGTG,2,0,4,48,453,3123,3631,24
GAGGAGCCCTCCTGCTGTCC,2,0,2,30,227,1994,2256,24
GGCAGGGCTGCTTGCATGCA,2,0,1,18,268,2030,2320,24
GCAGTGCAGGAGGCCGGTGC,2,0,2,55,1030,12895,13985,24
GGGGGTCACTCTGGCCTTCA,2,0,4,15,176,1603,1801,24
GCACTCACCAGGCCGGGATG,2,0,1,13,130,1259,1406,24
GTGGCTGAGAAGAGGCCACA,2,0,1,46,344,2460,2854,24
GGGCCCAGGAGGAAGACCCC,2,1,4,34,417,2848,3307,24
GCAGCCAACAGGACACATCC,2,1,3,14,159,1416,1596,24
GGAGTGGGCCGTGCCCCCAA,2,0,1,7,101,977,1089,24
GAGGATCAGGGCACAAAAAT,2,0,0,18,158,1517,1696,24
GATGGGGGCCCCTGTACAGA,2,0,0,14,147,1245,1409,24
GGCACAGAGGGGCTGGCCCA,2,0,2,61,514,3338,3918,24
GCACCTGGGGAGCACCCTCC,2,0,2,15,247,1797,2064,24
GTGAGGCCTCGGCGGGTGCG,2,0,2,19,219,1800,2043,24
GTCTTGGGCTGACAGGGACA,2,0,0,23,196,1712,1934,24
GGGAGGGGTCACCAGTGCCA,2,0,1,18,260,2266,2548,24
GAGCTGGGAGCATCTGAGGA,2,0,5,43,436,3072,3559,24
GCGCACTGTGTCCTCATTGT,2,0,0,5,73,704,785,24
GCGCCTGCCTGAGCACTGGG,2,0,0,21,247,1787,2058,24
GGCCCTGAGGGAGATGAGCA,2,1,5,46,412,3276,3743,24
GGGTGGTGGGCTGGGGAAGC,2,1,8,140,1208,7851,9211,24
GAGGTGTGAGTGAGAGGTAG,2,1,1,52,631,4964,5652,25
GCTGTGGTGATGGCCTGGGC,2,1,7,49,414,3176,3650,24
GACGCAGGGGTTTAAGAATG,2,0,0,12,95,1079,1189,24
GAGCAGCCCCTGCACACAGC,2,0,4,50,422,2982,3461,24
GCCACCTCCCCAGAGGGTGC,2,0,4,33,268,2091,2399,24
GGCAGGGAGATCTCGAGGTG,2,1,98,5400,28605,67790,101897,24
GGGTGGGCTCCATGTGAGTT,2,0,1,21,189,1464,1678,24
GCCCCTGACGGAGGGCTGCT,2,0,0,11,164,1296,1474,24
GTATGAGTGGGGAACAGGAT,2,0,1,22,191,1788,2005,24
GGCAAAGGGCTCTCAGCTGC,2,0,5,13,185,1780,1986,24
GCGCGCCAGCAGCGCGGGCC,2,0,3,22,220,1630,1878,24
GGGACCCTTGGGAGGGAAGC,2,0,2,39,459,3401,3904,24
GAGAGCCAAGAGGCACCCGG,2,0,1,11,166,1391,1572,24
GACTGAGACCTCAAGGAGGC,2,0,2,31,381,2767,3184,24
GGTGAAACATACTAGCAGAG,2,0,0,8,121,990,1122,24
GGAGCTGAAGCACAACGCCA,2,0,1,19,105,1144,1272,24
GACACCCTAAGGGCTGGGAA,2,0,1,27,213,2034,2278,24
GGGGCAGAGCCCCAAGGACT,2,0,0,29,368,2561,2961,24
GTAGAGGAACTGGCAAGGTG,2,0,3,32,324,3150,3512,24
GCTGGGGGCTGCCTGTGTCC,2,0,4,62,514,3469,4052,24
GTGAAGACAGGACAGAGTGG,2,0,5,45,415,3434,3902,24
GGGGCTTCTGTGCAGGGGGC,2,1,4,62,529,3730,4329,24
GACCCAGGTCCTGTGGGCTC,2,0,5,28,282,2286,2604,24
GGCCACACCTCCTGCTCCCC,2,0,9,48,441,3016,3517,24
GAGATGACCCTGCTTTGACC,2,0,1,9,132,1175,1320,24
GCATTCTTAGCTGGCTGTCA,2,0,0,14,166,1296,1479,24
GAACAGTGTCCAGGAGAGAA,2,0,2,33,347,2671,3056,24
GGGAGCGCCAAGGTCAGCCT,2,0,0,15,189,1680,1887,24
GCCATGCTGCATGATGGGCA,2,0,0,18,188,1443,1652,24
GATTCCGCCTTCCCAGGGAT,2,4,0,7,126,1011,1151,24
GTGAGCCACTGTCCTGTGCT,2,0,5,63,677,5038,5786,24
GGGAGTGGGCCGTGCCCCCA,3,0,1,25,187,1808,2025,24
GGGCATGGGAGTGGGTCCCG,2,0,2,35,330,2968,3338,24
GCTGGGGTGGGTGGCAGGAG,2,0,21,180,1452,9356,11012,24
GCCCAGCCCCAGCTGGCTCC,2,0,11,92,684,4055,4845,24
GGCAGGGATGCTGCCCAGCT,2,0,1,32,402,2433,2871,24
GGGGTGAGCGGGAGGCCCTG,2,2,5,52,520,3830,4412,24
GCTGCTCGGGAGCTGACTCA,2,0,1,8,108,1050,1170,24
GTGAGCAGCTCTGACGTCGG,2,0,0,4,84,771,862,24
GAAGCCCAGAGGCAGGTGGA,2,0,6,55,533,3829,4426,24
GCACCAGGCAGAGCCCCGCT,2,0,4,31,332,3002,3372,24
GGCCAGGGGACAGAGTGGCT,2,1,6,53,494,3556,4113,24
GGTCCCCCGAGCTTCCTCCA,2,0,2,16,130,1245,1396,24
GTGCATTACAGAGGCTGCTG,2,0,2,19,180,1782,1986,24
GAGTGGAGAGGGGACAGGGC,2,1,19,164,1385,8711,10283,24
GAGGGGGAAGCTGTGTCCAC,2,0,1,28,344,2223,2599,24
GTCTGTAGGACCCTGACTCA,3,0,0,8,107,980,1099,24
GACCCTGCCCCTCACACCCT,2,0,6,39,304,2372,2724,24
GCCCACTCCGTCCTTGAGTC,2,0,2,1,70,895,971,23
GGAGGGGTGGATGGAGGCCA,2,0,7,137,992,7340,8479,24
GGTGCTGGGCCTGGGCCTCA,2,0,7,98,613,3721,4442,24
GTTGGGCAGAGGGACTCCTA,2,0,1,10,121,1161,1296,25
GGAGCGGCAGCTGCTGTGGC,2,1,3,86,535,3708,4336,24
GTGGCGCTGGGACCTGGGGG,2,0,4,55,679,4846,5587,24
GGTGTGAAGACAGGACAGAG,2,0,4,44,406,3402,3859,24
GGACCCAGGAGGCCACTCAT,2,0,0,23,176,1340,1542,24
GTCCTGGGGGTCCCCGCCTC,2,0,1,16,162,1540,1722,24
GCGCCGGCGCGCCTGCGAGG,2,0,1,12,226,1191,1433,24
GATGGCCTGGGCGGGGGCGG,2,1,13,128,1250,8195,9590,24
GCTGTCTTGAGGGGGGCTTT,2,0,1,8,142,1307,1461,24
GTGGGCGTGCATCAGCAGCG,2,1,3,9,96,858,970,24
GGGACTGACCGCGATCCCCC,2,0,0,3,52,539,597,24
GATTAGGCCACAGCCTGTCT,2,0,0,6,141,1068,1218,24
GAGCAGGGGCCGAGTGGCCT,2,0,2,31,288,2328,2652,24
GGCCGAGAGCCGCTTGTGGG,2,0,0,7,90,912,1012,24
GAAGACCCCAACAACCCCTT,2,0,1,4,93,944,1045,24
GAGTGACCAGGAGCCAGCTG,2,0,4,35,364,2561,2967,24
GCCACGTGTCCAGAAAGCCT,2,0,2,12,164,1077,1258,24
GGCCCCAAGGGCCCTGTGCC,2,0,1,25,347,2428,2804,24
GGGGCTGAGCTGGTGGCACT,2,0,8,47,428,2765,3251,24
GAGCCTGGCCGTCTGCTGCC,2,0,3,18,223,1655,1902,24
GCATCCTGGGACCAGGGCTG,2,0,3,58,449,3210,3723,24
GCCTCCAGCCCACAGGGCAA,2,1,1,28,323,2585,2941,24
GGCGGCAGTAGAGGGCGTGG,2,0,1,24,344,3057,3429,24
GGTGGGGAAGACTGGCCAGG,2,0,1,46,471,4036,4557,24
GGCCCTGCCAGAGTCAGGTC,2,0,2,48,286,1842,2181,24
GGGCTGGGCAGGGGAGACAC,2,1,22,105,900,5743,6774,24
GGACACTGAGGGGTGCAGAG,2,0,5,61,511,3353,3933,24
GGGAGCCTGTGGGGGCTGCT,2,0,1,56,518,3931,4509,24
GTGTTTGGAACAACCCTGGT,2,0,0,5,85,941,1034,24
GGTGGGCTCAGGCTTCCAGA,2,0,7,27,249,1879,2165,24
GGCCCCCTTGCCCTGTGGGC,2,0,3,27,299,2076,2408,24
GGAGGTGGCGGTGCTGCAGG,2,0,16,263,1533,10466,12281,24
GGCCTTTGTTCTGCGTGCTG,2,0,1,16,234,1640,1894,24
GATAGCTCCAACCCGCATGG,2,0,0,2,39,646,690,24
GGCCATGGAGGTGGCCCTGA,3,1,3,37,376,2575,2996,24
GTTCATGGGGTGGAGCAAGG,2,0,2,22,294,2754,3075,24
GCCGCCTTCCGAGGACTCGG,2,0,0,2,66,649,720,24
GTGTCAGGTCGCTGGGGATG,2,0,1,12,229,1841,2086,24
GATGCGGCTGCCATCCCTGT,2,0,0,6,115,1020,1144,24
GGGATTATCGGGGCACTTCC,2,0,0,3,57,556,619,24
GCTGGGCAGTGCTGGCCACC,2,0,6,49,402,2876,3336,24
GAGGGGTCCCAGAGCGGGCT,2,0,0,28,238,2165,2434,24
GGCCACAGGCCCAGGACAGC,2,0,2,87,596,3570,4258,24
GGCAGGGAGGGGCTGAGCGG,2,0,11,125,1169,8413,9721,24
GCCCCAGGGCCTGGCTCCTC,2,0,5,57,502,3329,3896,24
GCCAGGCCATGGAGGAAGCT,2,1,7,75,685,3685,4456,24
GCTGTCACTGCCATCTGTAC,2,0,0,15,121,1113,1252,24
GTGCACACCAGCAGGGGAGG,2,0,2,45,369,3144,3563,25
GGGAGGCCAGGCCCACAGAC,2,0,3,48,359,2718,3131,24
GGACCGGACAGATTGCTGGC,2,0,0,2,61,711,777,24
GGACACATCCTGGTGCTGCT,2,0,2,16,171,1455,1647,24
GCTGGGAAGGCAGTGGCCAA,2,0,6,41,436,3545,4031,24
GGAGTGAAGGTACTATGGGA,2,0,1,9,162,1943,2118,24
GAAAGCATCACCGGGGGTGC,2,0,1,6,88,994,1092,24
GGGGCCCAGCCTCAAGACTG,2,0,2,19,246,2094,2364,24
GGCCAGTGGTCAGGGATTAT,2,0,2,7,155,1385,1552,24
GGACCGCCTGCAGGTACAGC,2,0,0,17,148,1128,1296,24
GACCCAGCCCTGCAGGGCGT,2,1,1,25,242,1804,2076,24
GGGCATTTGTGGGGAAAGGC,2,0,1,43,350,2739,3136,24
GGGCCCGTGCTCGCCCACCA,2,0,0,9,92,891,995,24
GGTCTCGGGCCAGAGCCCAC,2,0,0,13,170,1338,1524,24
GGCCCTGAGGTACATCGCAT,2,0,0,6,43,494,546,24
GACTGAAGGGGACAAGGAGT,2,1,0,32,306,2771,3113,24
GAGGCCCTGGAATGTGTGTT,2,0,0,21,202,1812,2038,24
GGACCTGTTGAGCCACCTCA,2,0,2,6,91,942,1044,24
GCCTCTCCCCGAGCTCTGGC,2,0,3,25,230,1728,1989,24
GAGGTGGGGGTGAGAAGTGG,2,0,28,174,1227,8050,9482,25
GGGGGCCAGGTCTCTGTGCT,2,0,3,27,300,2146,2479,24
GGAGCAAGGGAAGCCAGGAA,2,1,5,115,1303,7812,9239,24
GTGTGAGCAGCCTGTGGTGC,2,1,1,23,271,2167,2466,24
GATGCTGGACACATAGCCCC,2,0,0,16,158,1395,1572,24
GACATCCCAGCACCCAGGGC,2,0,0,30,292,2687,3012,24
GAAGGAGGTCTGGGGAGCTT,2,0,0,23,313,2604,2943,24
GAAGAGGCCACATGGGCTGC,2,1,0,23,293,2112,2432,24
GCCTGTGTTTGGAACAACCC,2,0,0,11,152,1245,1411,24
GCTCGGCCTGCAGATCAGAC,2,0,0,12,83,973,1071,24
GCGGGCAGCTGGGAAGGCAG,2,0,5,81,814,6047,6950,24
GAGCCTTGGTCTGTGCACCT,2,0,1,18,217,1774,2013,24
GCCGGCGTGGACTCCAGGGA,2,0,0,16,156,1297,1472,24
GCAGGTGCAGAACAGCTGAT,2,0,2,12,179,1428,1624,24
GCACATCCCAACCTGCACTG,2,0,2,15,127,1231,1378,24
GTGCACTGGAGCAGGGGTTC,2,0,0,25,229,1984,2241,24
GCAAGGGGCTTCTGTGCAGG,2,0,3,25,237,1979,2247,24
GGGAACCCCCTGCGGGCAGC,2,0,2,16,188,1580,1789,24
GCCAGGCTGCGCCCACGCTC,2,0,1,21,212,1830,2067,24
GTTGCTGGAAATGGAATTGC,2,0,14,113,788,4294,5212,24
GCCAGCTGCATCCTCATGCC,2,0,3,27,279,1791,2103,24
GGCGGGAGTGCGGAGGATGG,2,0,6,60,628,5089,5786,24
GCACTGCTCAGATACTGGGG,2,0,0,15,167,1932,2117,24
GCTGTTGGCCCGAATCCCAT,2,0,0,2,38,407,450,24
GAGCCTCTGGTGGTGGCCAG,2,1,2,33,338,2529,2906,24
GTCCTGGCTCAGCCACCTGC,2,2,14,78,564,2654,3315,24
GCCCCTAAGCAGCCCCCCTA,2,0,0,3,72,819,897,24
GGGGCTGGGGGAAGCAGCCA,2,1,14,109,951,6140,7218,24
GGTCCCAGTCTCCAGGCAGG,2,0,3,31,313,2298,2648,24
GTCTAGGAGGGACCCTTGGG,2,0,1,11,139,1231,1385,24
GCACGCCTATCTCTCCAGGC,2,0,2,6,89,848,948,24
GCAGAGGGGTGGGGTGTGTA,2,0,6,72,594,4853,5528,25
GAGGCTGTGCACACCAGCAG,2,0,6,42,306,2604,2961,24
GGCCAGGTCTGCGCAGGGCC,2,0,6,75,577,4069,4730,24
GGAGCTGAGTTGGTGCAGGG,2,0,2,40,398,2890,3333,24
GGGCTGGGTCCTGAGTGCAG,2,0,5,57,589,3722,4376,24
GGGCTCTGGAGGAAGTGGGT,2,1,4,53,508,3602,4171,24
GGTGCCATTTCCCATGTTTG,2,0,0,25,158,1226,1412,24
GCAGGGCTGCAGAGAGGGCA,2,0,15,139,880,5501,6538,24
GCCGAGGAGAGGCCTGGGTG,2,0,5,56,491,3636,4191,24
GGGAACAAGACACCTGATTT,2,0,1,12,147,1193,1356,24
GGGCTGTTCCCACAGTGACG,2,0,2,16,138,1037,1196,24
GGGGCTTCCTAGGAACTGAC,2,0,0,19,127,1312,1461,24
GCCACAAGGGATCCAGTCCA,2,0,0,14,101,1070,1188,24
GGGCAGTGCACTGGCTGCGT,2,0,1,13,140,1283,1440,24
GGCCTGTGAAGGTTGGGCAG,2,0,2,24,310,2494,2833,24
GCTTCAGCCAGGCCAGAGAA,2,0,13,148,498,2531,3193,24
GCCGTGGCAGAACCGTGACC,2,0,0,4,58,630,695,23
GCCTGCCTGCCTCCGTGTCC,2,0,4,51,414,3493,3965,24
GTTCAAAGCTGGGCGTTTGA,2,0,0,7,99,1077,1186,24
GGGCCAAGCGGGGCTCTGCC,2,0,2,25,264,2032,2326,24
GGGACCCAGAGGGGAGATTT,2,0,0,23,242,2145,2413,24
GTGGGGAAGACTGGCCAGGT,2,0,2,26,303,2474,2808,24
GTGAACACGCCTTCCACAGA,2,0,0,7,90,823,923,24
GATGGTTGCCCGAGCCCCAG,2,0,0,19,266,2269,2557,24
GGAGAAGGCAGGAGGCAGGT,2,0,14,188,1497,10660,12362,24
GGCTGGGGCTGGGCTGGGCA,2,14,78,455,2750,12569,15869,24
GGGACATGGATGACTCCAGC,2,0,0,14,151,1288,1456,24
GTGAGCACTTTCTTGCTTTC,2,4,59,225,643,2458,3392,24
GGAGCCAGGCCCTGGGGCAC,2,1,10,82,706,4678,5480,24
GCAGGGATGCTGCCCAGCTT,2,0,1,31,215,1966,2216,24
GACTTGGGGAAGCTGGAACA,2,0,1,42,277,2400,2723,24
GCCCCGGCCAAGGAGACAGG,2,0,2,25,231,1894,2155,24
GTCCTGCCAGCAACCTGCAG,2,0,1,27,236,1711,1978,24
GGGAGGAACAGCCCTGCTGG,2,1,4,34,312,2415,2769,24
GTGTTATGGAGCTGTCTTGA,2,0,3,5,119,1234,1364,24
GATGAAGGGTGACAGGCAGC,2,0,0,36,329,2634,3002,24
GAGGGAGGCCAGGGGCACCG,2,0,6,57,517,4127,4710,24
GCCTCCAGGACTGCCCACAG,2,0,4,34,245,1952,2238,24
GCTTGTTCCTTGAATGAATC,2,0,0,7,147,1225,1382,24
GAAGCCACAGGGCCAGGCTT,2,1,3,33,430,3184,3654,24
GCACCATGGGCCAGTGGTCA,2,0,3,20,214,1587,1827,24
GGGCACATCCCAACCTGCAC,2,0,1,11,179,1254,1448,24
GTGCAGGGGGTTTCCTCTAT,2,0,0,3,84,815,905,24
GGAATTCTGACCCCAGACCC,2,1,0,17,265,2349,2635,24
GAAACAGCACCAGAGGCCAA,2,0,3,27,278,2591,2902,24
GCAAAGGCCCTGCCAGAGTC,2,1,1,12,236,1931,2184,24
GGGCCAGGGCTGCAGCCAAC,2,0,4,36,349,2518,2910,24
GAGCCAGCTGGGGCTGGGCT,2,1,12,129,992,6005,7142,24
GCAGGGCGCTGCGCTAAGAA,2,0,0,3,86,896,988,24
GCCAGAAAACCATGATGTTT,2,0,1,10,173,1543,1730,24
GGGTAAGTGGTTCTAGACTA,2,0,0,2,79,749,833,24
GCTGTCCTTTCGGAGTTGGA,2,0,1,4,121,1199,1328,24
GGTCAGAGGCATTTGGAGAT,2,0,3,21,225,1662,1914,24
GCGGCCAGGGAGGACACAGT,2,0,1,26,235,1930,2195,24
GGGTCAGAGGCATTTGGAGA,2,0,0,25,262,2355,2645,24
GCAGCAGTTAGCAGCAGCTG,2,0,5,35,390,2846,3279,24
GCTGATGAGCTGAGCCGACC,2,0,0,3,86,929,1021,24
GCCATAACCGGGGCCCTGGT,2,0,2,11,65,708,789,24
GGGAGCACCAGGGCTCTGGG,2,1,7,62,494,3576,4143,24
GACTCAGCCAGTCCTGCCGG,2,0,1,23,159,1347,1533,24
GCGGCTCTCGGCCCAGCCTC,2,0,3,17,237,1802,2062,24
GGAGGGAGTGAAGGTACTAT,2,0,0,15,187,1957,2162,24
GCTCTCCTGTGGGCACCACC,2,0,4,17,229,1663,1916,24
GGGCGCTAACAAAGACAAGA,2,0,0,6,83,858,950,24
GGGACTGAGGGCAGGGACAC,2,1,10,84,659,4460,5217,24
GGTATCACATAAGGGCTTTG,2,0,2,4,83,1024,1116,24
GGAGGAAGACCCCTGGCTAC,2,0,1,17,160,1384,1565,24
GCCAGCACCCTCTGGGGAGG,2,0,4,43,310,2690,3050,24
GGCACAGTGCCTCCCACAAG,2,1,1,22,241,1709,1977,24
GGGTCAGAATTCCCCCGCTG,2,0,0,5,111,2402,2521,24
GAGCTGAGTTGGTGCAGGGA,2,0,0,45,414,3053,3515,24
GGACATACCGTCACCCTCTG,2,0,1,3,71,703,781,24
GAAGCACCAGGAAGCCCAGC,2,0,11,38,311,2563,2926,24
GGCCACTCCAGGCCAATGCA,2,1,1,14,156,1306,1481,24
GGCCTGAGGAGGAGCCCTGC,2,0,7,55,451,2769,3285,24
GGGTGTCAGGTCGCTGGGGA,2,0,2,25,263,2358,2651,24
GACTCTGGCAGGGCCTTTGC,2,0,2,21,185,1540,1751,24
GGTCAAAGGCCTGTTCCTCC,2,0,0,18,167,1661,1849,24
GAGCGGCAGCCAGAGGCATG,2,1,0,35,316,2556,2911,25
GACCAGATCAGCTTCCCGCT,2,0,0,2,63,765,833,23
GGAGTCCCTGAGGCTGGGGC,2,1,12,96,823,6391,7326,24
GTCAATGCCACAATAAATGT,2,0,0,8,169,1462,1642,24
GCACTTTGGGAGGCCAAGAA,229,9246,108343,228591,237074,143898,727382,24
GCCAGGTGGGTGGCTCTAGA,2,0,0,20,163,1492,1678,24
GCTGAGCTGAAGGGGTGTGG,2,0,10,39,421,3675,4148,24
GGCTCTGCCTCTGAGAGCCA,2,1,2,59,355,2652,3072,24
GCAGGTGTCAGGAGGGAGAG,2,2,8,94,779,5555,6441,24
GCTGGGCCCTTAGTGGACTG,2,0,1,15,155,1434,1608,24
GGACATTGAGAGGCTTGGCT,2,0,2,28,365,6121,6519,24
GCAGGAGGGCCGTACTGCTC,2,0,0,6,80,785,874,24
GCAGCGAGAACTAGAGGTAC,2,1,0,9,114,1006,1133,24
GTTGAAGTGGGGAGGTGACT,2,0,1,29,282,2552,2867,24
GACCCTTGGGAGGGAAGCAG,2,0,4,25,358,2960,3350,24
GGGTGGGCAGTGCCCATGGC,2,0,5,47,398,2736,3189,24
GGTTGAAAATCCTGGTCTCC,2,0,0,7,185,1759,1954,24
GGCTGGGCCCTTAGTGGACT,2,0,0,13,124,1272,1412,24
GGGAGTTTCTGCTAAGAAGG,2,0,1,10,167,1437,1618,24
GCTGGGCCGAGAGCCGCTTG,2,0,1,14,121,1050,1189,24
GGGGTGGGGGTGCAGCTGGG,2,1,29,263,1695,9446,11437,24
GGGCCAGAGCCCACAGGACC,2,0,6,46,383,2910,3348,24
GAAGTGGAGGTGGGCAGTCA,2,0,2,30,500,4290,4825,24
GGGAAAGGAGCAGGAGGAGC,2,1,31,362,3314,18830,22541,24
GGGGATCCTGCAATGGCTCA,2,0,0,8,142,1254,1407,24
GGTGATGCGTGAGCAGCAGG,2,0,1,21,223,1919,2167,24
GCCTTGTTCCTGGGGGATCG,2,0,0,6,183,2015,2207,24
GGCCCTTGCCACAGTGCTAG,2,0,0,7,126,1167,1303,24
GGGGGCGTTGGCGGCAGTAG,2,0,0,27,334,2684,3048,24
GTAAGCTCCCCTAGAGGTTT,2,1,3,13,103,718,841,24
GCCAATCCTGCCAGGGACTG,2,0,1,17,259,2176,2456,24
GTGAGGGGGTGGGCACCGTG,2,0,0,24,350,2864,3241,24
GAGTCAAGACTTGGGGAAGC,2,0,2,20,227,1789,2041,24
GTCCCCAGCACCCTTCCAGA,2,0,3,33,285,2425,2749,24
GAGTTCATGGGGTGGAGCAA,2,0,2,6,198,1849,2058,24
GGTCACACAGAGCTTGGGCC,2,0,1,15,227,1666,1912,24
GACCCTAGCACCCACAGGTG,2,0,3,15,127,1020,1168,24
GTGGCCTGTGAAGGTTGGGC,2,0,3,19,295,2323,2643,25
GGGCCAGCATGGGGCTGTGC,2,0,6,52,419,3144,3624,24
GGCCCAGGGCCCCCTGTCCA,2,0,4,39,449,2758,3253,24
GGCAGGCAGAGGTGGGGCCC,2,1,8,172,1093,6667,7944,24
GTTCCACAGACCCCCAGGTG,2,0,0,31,348,2779,3161,24
GGCTGGGCCTGCAGGGACAG,2,1,7,120,853,4820,5804,24
GACCCCTGTGAGGAGAGCAC,2,0,2,32,333,5122,5492,24
GGGAGACTGAGACCTCAAGG,2,2,3,54,363,5509,5934,24
GGAGATAAAAAGTATGAGTG,2,0,1,22,416,3248,3690,24
GGGCAGCCAGCAGTGGCACC,2,0,4,47,415,2652,3121,24
GTGCAGCTCACCCCAAATCC,2,0,2,10,139,1335,1489,24
GGACCCGCTGCCCCTGACGG,2,0,0,4,102,1078,1187,24
GTCAGGAGCCTGCTGTGGGC,2,0,2,49,461,4105,4620,24
GTTCCAAAGATGGGACCCTC,2,0,0,7,99,950,1059,24
GCAGGGGGTTCCCCCTGCTG,2,0,1,14,213,1727,1958,24
GATGTCACCAGGGCTAATTT,2,0,0,9,78,891,981,24
GACTTTAGCATGGTGTAGCA,2,0,0,5,108,898,1014,24
GGTCGGGCATTTGTGGGGAA,2,0,1,12,151,1595,1762,24
GGTGCATGTGTGCAGGGCCT,2,0,2,31,294,2476,2806,24
GGGCTGGGGGCTGGAGAGCA,2,1,11,198,1614,9061,10888,24
GCTCAGGCCACTGCCGTGGA,2,0,1,24,247,2159,2434,24
GCCATTCCCAGCCACACAGA,2,0,1,33,372,3644,4053,24
GGCCCAGGGCCTGTGGAGGG,2,0,6,101,936,6224,7270,24
GGGGCCGAGCACAGGCAGCC,2,0,4,37,362,2785,3191,24
GGTGACACCTTGGGTTAGTG,2,0,2,8,147,1039,1199,24
GGCTCTGCCCACAGGGTCCC,2,0,3,38,441,2926,3411,24
GGACTTGGAGAATGAGTGCA,10,219,251,203,364,2354,3402,24
GCCTGTGGGACGCTGGACCC,2,0,1,20,223,1692,1939,24
GAATATTCCATCTCTCCTCT,2,0,2,17,162,1596,1780,25
GTCTCCTACACAGCTGCAGA,2,0,0,16,183,1406,1608,24
GCTCAGGCTTCCAGAAGGCC,2,0,1,28,322,3811,4165,24
GGTGTCTCAGGAGAGGTTCC,2,0,0,19,186,1716,1924,24
GCCCCACCTCACCTTCTGTG,2,0,0,18,239,1817,2077,24
GATGCCTTGGGCACAGCCCA,2,0,2,13,235,2002,2255,24
GCTGGGGGTGTCAGGTCGCT,2,0,0,16,171,1363,1553,24
GGACAGGGAGCTGTGCAGGG,2,0,5,57,671,4855,5591,24
GGCAGCTGAAGCAGTGGGGC,2,0,4,79,595,4428,5109,24
GAGTGACAGGCAGGCTGTGA,2,0,2,33,390,3079,3507,24
GTGCCCAGGGTCTGGCCTGT,2,0,2,31,313,2247,2596,24
GCACCCACGGGGCGCCCAGT,2,0,0,9,78,787,877,24
GTGAGGACCTCCCAGAGCCC,2,1,1,30,353,2449,2837,24
GGGGAGTGCCCACATCTAAG,2,0,0,4,88,860,955,24
GGGCAGGGCGCCAAGAAACC,2,0,0,8,142,1499,1652,24
GCCTGGGAGCCTCTTCTGCA,2,0,4,44,270,2014,2335,24
GCTGGGGCCCTGGAAGGTGG,2,1,7,109,898,5539,6557,24
GGCGGAATCTGGGAGGGGAG,2,1,7,39,595,4367,5012,24
GTTTCACCGTTGTGAGCATC,2,0,0,3,62,801,869,24
GGCACTTCCAGGCTGAGGCT,2,0,3,33,274,2105,2418,24
GCCAAAAGTCACAGGGAGCC,2,0,2,24,259,2256,2544,24
GGGCAGTGCCCATGGCTGGC,2,0,1,36,386,2676,3102,24
GGAAGTGCCTGTTCTCACCT,2,5,67,262,539,1716,2592,24
GAGGCTTGGCTGGGGGAATC,2,0,3,37,334,2730,3107,24
GGTCACAGAGGTGGGGGCCT,2,0,5,43,432,3270,3753,24
GCATCAGGGGGCCTGGTGCT,2,0,2,19,258,1975,2257,24
GTATTGCTCATGGGGTCTGG,2,0,0,15,198,1613,1829,24
GGATGGCAGCCGCATCAGGC,2,0,0,13,146,1295,1457,24
GCACCAGAGGCCAATGGGTG,2,0,1,13,194,1564,1775,24
GCAAGATAGTAGGGACAGAC,2,0,0,10,129,1375,1517,24
GGCGCTCTTCTCTGCATCTT,2,0,0,10,119,1161,1293,24
GGAACCTCTGACGCAAGCGC,2,0,0,11,182,1494,1690,24
GACAATCCAGGAAGGCTCCC,2,0,7,58,343,1909,2320,24
GCAGAGCAGCCAGGCCAAAG,2,0,3,93,2013,28986,31098,24
GCACTGCGCCCCGAGGCTCT,2,0,1,8,145,1193,1350,24
GCCATGGTGGGAGCAGAGCC,2,0,2,57,522,3701,4285,24
GAGGGATGAAAGCATCACCG,2,0,0,10,114,1146,1273,24
GAACAGGGGGAGGGCAGGGA,2,2,12,209,1962,12769,14957,24
GGAGCAGCCTCATCGACAGC,2,0,0,10,116,1135,1264,24
GAGGGAAGCAGGGGCATCAG,2,1,6,49,554,3954,4567,24
GGAGGCAGGCAGGCAGAGGT,2,0,21,179,1465,9455,11123,24
GGGAGGAGCAGGCTTAGGTC,2,0,4,49,390,2880,3326,24
GTCCCTGTAGGGCACAGTGG,2,0,1,21,207,1548,1780,24
GCTTCCAGAAGGCCTGGAGA,2,0,1,33,318,2372,2727,24
GCCCTGTCTGCCTGTAGCCA,2,0,2,20,191,1782,1998,24
GCATCTTGGCTGGGCCAGGA,2,0,2,27,353,3841,4226,24
GGAGAGGCCTGGGTGTGGTG,2,0,6,96,783,5346,6234,24
GGGGTCCAGCCTCTCAGGCA,2,0,1,26,222,1729,1981,24
GAAGCCAGCACAGGAGACAA,2,0,2,41,402,2839,3287,24
GGCAGGTGTCAGGAGGGAGA,2,1,7,106,910,5765,6792,24
GTGGTCCTGGCTGAGCCACA,2,0,1,29,258,2142,2433,24
GACAGGGGTCCGGGCCAGGG,2,0,0,32,414,3194,3643,24
GATTCGGGCAGATGCCCGTG,2,0,0,3,74,553,633,24
GCCCAGACTTCTGCTGCCTG,2,0,5,29,295,2026,2358,24
GCAGGAGTTGCCCACTCCAG,3,0,2,12,136,1214,1368,24
GGCCCATGGCTTTCTTGAAA,2,0,1,14,137,1135,1290,24
GCTCCTTAGACACTCTTGGC,2,0,0,9,96,1098,1206,24
GAGCCCCCGACCCAGAGCCT,2,0,1,19,209,1889,2121,24
GGGAATGGGAGCTACTTGGT,2,0,2,18,189,4010,4222,24
GAGCCCCTCGCCTGGCTGGA,2,0,1,15,179,1595,1793,24
GCAGGCCTTATTGCCTGCAA,2,0,0,8,96,990,1097,24
GAATGAGACTCATCTGCCTG,2,0,4,45,308,1632,1992,24
GTGGCCCGGAACCTCTCACC,2,0,0,15,109,1220,1347,24
GGAGTCACAGGTTGGAGGGA,2,0,2,48,603,4732,5388,24
GGCAGTTGTCTGAAGACCCC,2,1,1,12,140,1346,1503,24
GACATGGTGGCCTCATTCAG,2,0,1,8,109,1141,1262,24
GCAGGGGGCACGGAAGGGCT,2,0,1,72,608,3967,4651,24
GTCACACAGAGCTTGGGCCT,2,0,27,11,234,1917,2192,24
GCTCTCGGGTTCATGTCCTG,2,0,0,7,78,967,1055,24
GACAGCAAGTCCCAGATGAA,2,0,1,15,211,1734,1964,24
GCAGAGCTGGAACTCAGGTG,2,1,1,48,343,2898,3294,24
GCAGGCGGCGGAGGGGATGG,2,1,6,85,1073,8770,9938,24
GCTGGGTGGTCGGGCATTTG,2,0,0,11,147,1172,1333,24
GGACGGCGATGTGGAGGCTT,2,0,0,5,103,1229,1340,24
GCTGGTGGTGCTGCAATAGG,2,0,1,19,182,1677,1882,24
GCCCCTCTGTGCCCTGGTGT,2,0,1,35,292,2065,2396,24
GGAGGCTCCGGTTCATGCCC,2,1,0,5,144,1376,1529,24
GTTGAAATTCTTTGGAATGT,2,0,0,26,241,2154,2424,24
GACACAGCAGCTGTGGGGAT,2,0,7,49,437,3449,3945,24
GTATTCGGATGGCTCCTGAA,2,0,0,4,40,552,599,24
GGGCCCTCTGCCTGGTGTGG,3,0,3,60,432,3062,3561,24
GGGTGAAACATACTAGCAGA,2,1,1,5,107,892,1009,24
GACATCTGGAGCTCACCTCT,2,0,1,12,111,1076,1203,24
GGGCCCCCATCCAAGCCCCA,2,0,2,24,293,1929,2251,24
GGCCGGGATGAAAGGGGCCT,2,0,1,23,237,2296,2560,24
GGGGATGAAAGCTCAGACTC,2,0,0,27,253,1835,2118,24
GCCTGTTTCTTACTGAAAAA,3,0,0,22,217,2029,2272,24
GAAGTGGAGGGTGAGAATTG,2,0,0,46,422,3329,3800,24
GCACAGCCCACCCCTTCAGG,3,0,0,17,211,1556,1788,24
GATGGTGAGTGAGTAGAGTC,2,0,0,23,184,1796,2006,24
GTTATGGAGCTGTCTTGAGG,2,0,0,8,108,1214,1333,24
GCCCTCACTAACCCTGTGCC,2,0,1,12,154,1388,1558,24
GCTGCCATCCCTGTGGGTGA,2,0,2,22,262,1980,2269,25
GGGCATCTGCACAGCTGCAG,2,0,3,44,615,2936,3601,24
GTTAGCTGGGTTGGGTGTGT,2,0,6,35,407,2958,3409,24
GCGTGGGGCCTCTGCCTACC,2,0,1,15,179,1762,1960,24
GGAGGGGCTTGAGGAAGGGA,2,2,9,176,1976,13969,16135,24
GTCCCGAGGAGCCAGGCCCT,2,0,2,14,233,1780,2032,24
GGGAAGGCTGTAGGCACAGC,2,1,5,43,344,2448,2844,24
GTGATGGCCTGGGCGGGGGC,2,0,4,57,660,4700,5424,24
GGGGCCAGCAAAGGGGTGAG,2,1,4,46,610,4724,5388,24
GGACATCAGCAGGGCAGCCT,2,0,2,28,298,2527,2858,24
GCCTTGGGAGAGGCAACAGC,2,0,0,22,299,2386,2710,24
GGCTGTTGGAGGGCAGGGAG,2,1,17,131,1105,7492,8749,24
GGGAGAAGGCAGGAGGCAGG,2,3,48,408,2301,12161,14924,24
GTTGCACCAAGGGTTGGAGA,2,0,1,5,145,1677,1831,24
GGTCGCTGACCCTGAGCGTG,2,0,0,8,69,821,901,24
GTGCCATTTCCCATGTTTGG,2,0,0,6,129,1276,1414,24
GAATCCCATGGGGAGCGCCA,2,1,0,11,100,852,967,24
GGAGAGACAGCACTGTGGCT,2,0,4,43,319,2573,2942,24
GACAGGGGGCCCTGGGCCTT,2,0,5,33,460,2731,3232,24
GTGAAGTGGCCAGGCCATGG,2,0,1,30,313,2465,2812,24
GATGGTGCTCCTTTCCCGCA,2,0,0,6,82,733,824,24
GGGCAGGTGTCAGGAGGGAG,2,2,8,138,1285,7943,9379,24
GTGGCACTCTCAGCCCTCCC,2,0,1,19,236,1861,2120,24
GCATGATCCTCTCAGGGGAC,2,0,0,13,121,1256,1393,24
GGTCTGGTGGGGCCGGGGTG,2,0,10,101,892,6407,7413,25
GTGTGAACTGAAAAGCAAAC,2,0,1,23,280,3668,3975,24
GTGACTCAGACCAAGTCCTT,2,1,0,16,173,1253,1446,24
GCTGGAGACCCAGCCCTGCA,2,0,4,47,369,2514,2937,24
GCCGTACTGCTCGGGCTTCC,2,0,1,10,59,602,675,24
GTCTGGGAAGAGAGGTGGTT,2,0,3,28,437,3058,3529,24
GACTCATCTGCCTGTGGGAG,2,1,5,48,317,1953,2327,24
GGGGCAGAGCTGAAGCCTGC,2,0,5,29,444,3083,3564,24
GCCCCCAGCAGACAGGCAAC,2,0,1,30,251,1699,1984,24
GGACACAGGGTGGCATGGGG,2,0,9,66,572,3852,4502,24
GGGCAGGTCACTTGAGCCCA,2,35,230,1360,3801,7723,13152,24
GGATGGGGTGAGGGGCCAGC,2,0,6,91,694,4957,5751,24
GGGTCCTACAGACTGACACC,3,0,0,8,77,727,816,24
GGGGTGAAGTGGAAGGATTG,2,0,3,76,773,9090,9945,24
GACGGCCCAGGGCTGGAAGC,2,0,4,31,310,2422,2770,24
GTCAGGCCAAGGCTGAGGCT,2,0,4,42,412,2663,3124,24
GTCCGGGTGCTGATGCAGGA,2,0,0,15,208,1787,2013,24
GCTGGCATCTTGGCTGGGCC,2,1,5,56,486,2914,3465,24
GGAAATACCAGTTCTGACCT,2,0,1,23,284,2242,2553,24
GTGGGTGCCAGCTGAGGACA,2,0,4,35,355,2600,2997,24
GACCTGGCCACCCAGGGTGC,2,0,5,184,4840,73884,78916,24
GGCTGGTGAAATGAGCTGGA,2,0,2,21,252,1897,2175,24
GGTCTCAGTCTCCCTGTTCC,2,0,2,31,274,2434,2744,24
GCTGCCCAGCCTTGGGGAAT,2,0,3,31,324,2114,2475,24
GAGGAAACCGAGGCTCTAAG,2,10,174,1081,4108,9806,15182,24
GGACCAGTGAAGGAGAGTGG,2,0,0,28,326,2887,3244,24
GGTGGACCAGGCTCCAGTCT,3,0,1,21,209,1744,1979,24
GGCCCCATCCTGCTGTCACT,2,0,4,13,206,1580,1806,24
GGCTGGCCCTTGGTGGTCCC,2,0,1,37,325,2077,2443,24
GGTGCGGGGTTTGTGTGGCA,2,0,1,18,206,1825,2053,24
GGTGCCAGCTGAGGACATGG,2,0,2,28,342,2689,3064,24
GTCCCGAACTTCTAGCCTCA,2,2,27,378,2673,6752,9835,24
GCTTAGAGCCCATTCTCTCC,2,1,1,13,126,1084,1228,24
GGGACCCACGGCCCATTCTC,2,0,1,10,90,981,1085,24
GGGTTGTGGACCGCCCTCCA,2,0,1,5,76,748,833,24
GCAGGACAGGGGTCCGGGCC,2,0,7,80,554,3889,4533,24
GGCCAGACTTGGGCATGTGG,2,0,1,20,241,1837,2102,24
GCCGGGATGAAAGGGGCCTG,2,0,2,16,231,2003,2255,24
GGCAGATGATTGATAGAACT,2,0,2,17,346,3289,3657,24
GGCCTGTGGGTTCCAGCTCT,2,0,1,27,245,1933,2209,24
GCCACTCTGAGAACACTGTT,2,0,2,19,113,1180,1317,24
GTGGGTTGTCCCTTCTGGAA,2,0,0,18,142,1477,1640,24
GATGCTCACAACGGTGAAAC,2,0,0,0,68,741,812,24
GAGAGGGATGAAAGCATCAC,2,0,1,13,222,1988,2227,24
GCTCACTCCACCTGGCATCT,2,0,1,9,160,1510,1683,24
GCCTGCAGATCAGACAGGCC,2,0,3,26,262,2154,2448,24
GGTGTGAGCTCTTGCAGACA,2,0,0,12,136,1394,1545,24
GTAGTGTCGCTCCTGCTGCC,2,0,1,19,311,1640,1974,24
GGCGCTAACAAAGACAAGAA,2,0,0,5,94,1120,1222,24
GCCACACAGAAGGTGAGGTG,2,1,1,37,363,2976,3381,24
GTCCCCTGAGAGGATCATGC,2,0,0,9,144,1195,1351,24
GGGCTCCAGCTGTCCTGTCT,2,0,8,35,312,2211,2569,24
GTAAGAACAGGATCCATGTC,2,0,0,4,110,1100,1217,24
GTGTTAGTCAGAGGGCTTTC,2,0,0,12,108,1010,1133,25
GAGCAGAAGAGGGCCCTGTG,2,0,1,39,361,2741,3145,24
GAGCTGGAGACCCAGGACAC,2,0,3,68,503,3303,3880,24
GGATGGTGATGTGTCTAGTC,2,0,1,6,110,1078,1198,24
GGGGAGCTGGGACCCATTTA,2,0,0,29,399,3657,4088,24
GAGGGGAGGAACAGCCCTGC,3,0,9,71,317,2476,2877,24
GCTGCCCTGCCTGAGAGGGT,2,1,2,37,369,2842,3254,24
GGAGGAGCCAGGGACCCTGT,2,0,2,39,424,2881,3349,24
GGGAGAGGCAGTTGGAACTC,2,1,2,29,314,2758,3107,24
GCTGGTCCCTTGGCCACCGT,2,0,1,12,109,1516,1641,24
GATGGGGTTGGCTGCAGCTG,2,0,0,42,389,2950,3384,24
GGTCTGGTGCAGACCTGAGT,2,0,1,10,126,1104,1244,24
GTGGTTCAGTTTGTTTCTTT,2,0,1,42,405,3178,3629,24
GGCCACTCTGAGAACACTGT,2,0,2,14,134,1244,1397,24
GGTCAACCTTGGCCTTGGAT,2,0,0,7,66,846,922,24
GCAGCAGCCCACAGAGGGCG,2,0,9,79,541,2911,3543,24
GGGATGTGCCCGGTGGAGTA,2,0,0,8,120,1382,1513,24
GGCGGCCCAAGCCAGTGGCT,2,0,1,18,145,1346,1513,24
GCCACCTTGGGCCAGTGAAA,2,0,0,13,132,1246,1394,24
GTGGCTTGTGTGATAGCTGC,2,0,0,13,120,1116,1252,24
GTTTAAAAATTTAAAACCAG,2,0,5,73,635,4680,5396,24
GGACATTGGGAGTCAAGACT,2,0,0,9,158,1682,1852,24
GACCACCTCAGGCAAAGGCA,2,0,2,35,202,1713,1955,24
GGTAGACAGCGTGGTGGATA,2,0,0,5,122,1037,1167,24
GATGTTTGGGGTCAAACAGC,2,0,0,18,128,1122,1271,24
GCAGGAGGCCGGTGCAGGTT,2,0,1,16,207,1995,2222,24
GCCACTGTGCTGCAGCCCCA,2,0,5,64,497,3320,3889,24
GGTGGCAGGAGAGGCCTGGA,2,1,8,115,930,6130,7187,24
GTGCACACAAGGATGTCTTA,2,0,0,10,98,868,979,24
GTGAGAATTGGGGTGGGAGT,2,0,4,66,754,4614,5441,24
GATGCTGCCCCTCACCCACA,2,0,7,34,266,1753,2063,25
GGCTGGGAATGGGAGCTACT,2,0,0,17,275,2470,2765,24
GCCCAGGGCCTGTGGAGGGT,2,1,5,93,1013,6761,7876,24
GTCCTGGGCCCCCCTCCCAC,2,0,0,37,383,2532,2955,24
GATTTCTTTAGCCAGGCCTG,2,0,0,14,185,1653,1855,24
GTAGGACCCTGACTCAAGGA,2,1,1,21,122,1257,1405,24
GCTCCCCAGACCTCCTTCTC,2,0,6,39,346,2279,2673,24
GGCTGGACCGGACAGATTGC,2,0,0,4,88,911,1006,24
GGGGACCAGGCAGCAGAGAG,2,2,7,66,644,4671,5393,24
GTGGGCAGGCCCAGGCCCGC,2,0,4,50,466,3263,3786,24
GGTGTCACCAGCCAGCCTGG,2,0,0,17,254,1780,2054,24
GGGTTTCCTCTATGGGGCAG,2,0,1,16,166,1460,1646,24
